	Maillard	Terpene	Veg	Fruity	Dairy	Floral	Sulphur	Marine	Sour	Phenol	Pungent	Savory
0	0.17	0.15	0.15	0.08	0.19	0.09	0.11	0.43	0.27	0.17	0.15	0.0
1	0.1	0.04	0.02	0.08	0.19	0.09	0.11	0.43	0.27	0.17	0.15	0.0
2	0.31	0.15	0.21	0.19	0.19	0.28	0.11	0.29	0.73	0.17	0.39	0.0
3	0.1	0.06	0.07	0.06	0.25	0.04	0.02	0.14	0.27	0.07	0.07	0.0
4	0.11	0.02	0.07	0.05	0.25	0.06	0.04	0.21	0.2	0.1	0.07	0.5
5	0.05	0.01	0.02	0.02	0.25	0.02	0.04	0.21	0.2	0.1	0.02	0.5
6	0.12	0.07	0.17	0.1	0.31	0.06	0.11	0.36	0.2	0.07	0.09	0.5
7	0.24	0.13	0.18	0.11	0.44	0.14	0.07	0.21	0.2	0.23	0.17	0.5
8	0.02	0.13	0.0	0.03	0.44	0.14	0.07	0.21	0.2	0.23	0.02	0.5
9	0.74	0.51	0.61	0.65	0.69	0.59	0.36	0.71	0.8	0.6	0.59	0.5
10	0.04	0.01	0.02	0.03	0.69	0.03	0.05	0.71	0.8	0.6	0.04	0.5
11	0.13	0.13	0.13	0.15	0.25	0.11	0.05	0.07	0.27	0.1	0.13	0.5
12	0.13	0.13	0.13	0.15	0.25	0.11	0.05	0.07	0.27	0.1	0.15	0.5
13	0.19	0.17	0.22	0.29	0.25	0.18	0.07	0.07	0.27	0.1	0.17	0.5
14	0.13	0.13	0.13	0.15	0.25	0.11	0.05	0.07	0.27	0.1	0.15	0.5
15	0.13	0.13	0.13	0.15	0.25	0.11	0.05	0.07	0.27	0.1	0.15	0.5
16	0.14	0.13	0.13	0.19	0.25	0.11	0.05	0.07	0.27	0.1	0.13	0.5
17	0.5	0.48	0.55	0.6	0.69	0.47	0.12	0.43	0.67	0.47	0.57	0.5
18	0.13	0.13	0.13	0.15	0.25	0.11	0.05	0.07	0.27	0.1	0.13	0.5
19	0.15	0.17	0.17	0.22	0.25	0.14	0.05	0.07	0.27	0.13	0.15	0.5
20	0.18	0.16	0.15	0.24	0.31	0.18	0.05	0.07	0.27	0.1	0.22	0.5
21	0.14	0.15	0.13	0.16	0.25	0.14	0.05	0.07	0.27	0.1	0.13	0.5
22	0.13	0.13	0.13	0.15	0.25	0.11	0.09	0.07	0.27	0.1	0.13	0.5
23	0.02	0.07	0.03	0.03	0.06	0.04	0.09	0.07	0.13	0.1	0.04	0.5
24	0.55	0.54	0.44	0.6	0.81	0.44	0.09	0.64	0.73	0.6	0.59	0.5
25	0.35	0.28	0.21	0.37	0.44	0.25	0.1	0.21	0.47	0.3	0.28	0.5
26	0.38	0.36	0.23	0.39	0.5	0.26	0.1	0.29	0.4	0.33	0.3	0.5
27	0.35	0.28	0.2	0.37	0.44	0.25	0.1	0.21	0.4	0.3	0.28	0.5
28	0.38	0.28	0.21	0.37	0.44	0.27	0.12	0.36	0.47	0.3	0.28	0.5
29	0.35	0.3	0.21	0.37	0.44	0.25	0.1	0.21	0.4	0.37	0.33	0.5
30	0.44	0.34	0.28	0.46	0.5	0.3	0.19	0.43	0.4	0.47	0.37	0.5
31	0.4	0.36	0.25	0.42	0.44	0.26	0.12	0.29	0.47	0.47	0.37	0.5
32	0.35	0.3	0.33	0.44	0.56	0.34	0.19	0.29	0.53	0.23	0.28	0.5
33	0.34	0.29	0.33	0.44	0.44	0.33	0.19	0.29	0.47	0.2	0.28	0.5
34	0.36	0.31	0.33	0.44	0.44	0.34	0.19	0.29	0.53	0.2	0.28	0.5
35	0.34	0.29	0.32	0.43	0.44	0.33	0.19	0.29	0.47	0.2	0.28	0.5
36	0.22	0.13	0.2	0.41	0.12	0.23	0.02	0.29	0.33	0.1	0.2	0.5
37	0.34	0.29	0.32	0.44	0.44	0.33	0.19	0.29	0.47	0.2	0.28	0.5
38	0.37	0.3	0.35	0.48	0.5	0.35	0.19	0.29	0.6	0.2	0.3	0.5
39	0.47	0.4	0.39	0.56	0.56	0.4	0.22	0.43	0.47	0.4	0.35	0.5
40	0.35	0.3	0.34	0.44	0.44	0.34	0.22	0.29	0.47	0.3	0.3	0.5
41	0.08	0.03	0.07	0.07	0.19	0.05	0.1	0.07	0.33	0.3	0.09	0.5
42	0.48	0.4	0.4	0.53	0.69	0.39	0.19	0.57	0.67	0.43	0.37	0.5
43	0.37	0.3	0.35	0.5	0.44	0.37	0.19	0.29	0.47	0.2	0.3	0.5
44	0.35	0.29	0.33	0.46	0.44	0.33	0.19	0.29	0.47	0.2	0.28	0.5
45	0.53	0.49	0.57	0.75	0.69	0.52	0.26	0.43	0.6	0.47	0.52	0.5
46	0.97	0.61	0.61	0.31	0.81	0.33	0.72	1.0	0.73	1.0	0.72	0.5
47	0.13	0.14	0.2	0.1	0.25	0.17	0.07	0.36	0.13	0.2	0.3	0.5
48	0.23	0.13	0.27	0.21	0.31	0.19	0.1	0.07	0.07	0.13	0.24	0.5
49	0.15	0.03	0.13	0.05	0.06	0.06	0.05	0.07	0.07	0.07	0.09	0.5
50	0.04	0.02	0.04	0.05	0.06	0.03	0.05	0.07	0.07	0.07	0.09	0.5
51	0.45	0.22	0.21	0.14	0.25	0.28	0.1	0.36	0.47	0.27	0.28	0.5
52	0.09	0.01	0.07	0.03	0.12	0.06	0.1	0.07	0.13	0.07	0.04	0.5
53	0.45	0.26	0.33	0.16	0.31	0.2	0.22	0.43	0.47	0.3	0.41	0.5
54	0.47	0.39	0.44	0.25	0.31	0.36	0.19	0.57	0.47	0.17	0.5	0.5
55	0.56	0.38	0.44	0.31	0.62	0.47	0.17	0.64	0.73	0.4	0.52	0.5
56	0.47	0.5	0.42	0.26	0.31	0.52	0.12	0.57	0.4	0.4	0.52	0.5
57	0.12	0.13	0.15	0.14	0.31	0.12	0.12	0.14	0.27	0.07	0.09	0.5
58	0.24	0.13	0.09	0.04	0.06	0.02	0.04	0.29	0.13	0.03	0.13	0.5
59	0.13	0.08	0.15	0.04	0.06	0.03	0.14	0.29	0.07	0.1	0.11	0.5
60	0.28	0.23	0.38	0.37	1.0	0.32	0.1	0.36	0.47	0.23	0.39	0.5
61	0.01	0.01	0.03	0.01	0.19	0.32	0.05	0.14	0.27	0.23	0.02	0.5
62	0.27	0.15	0.32	0.31	0.44	0.24	0.26	0.5	0.67	0.13	0.3	0.5
63	0.37	0.19	0.37	0.46	0.88	0.3	0.26	0.57	0.8	0.13	0.37	0.5
64	0.32	0.17	0.34	0.37	0.56	0.26	0.3	0.64	0.67	0.17	0.35	0.5
65	0.33	0.23	0.38	0.4	0.94	0.28	0.3	0.57	0.8	0.2	0.35	0.5
66	0.31	0.17	0.34	0.37	0.44	0.28	0.26	0.5	0.6	0.17	0.33	0.5
67	0.27	0.15	0.31	0.31	0.44	0.24	0.26	0.5	0.67	0.13	0.3	0.5
68	0.27	0.15	0.31	0.31	0.44	0.24	0.26	0.5	0.6	0.13	0.3	0.5
69	0.27	0.15	0.32	0.32	0.44	0.24	0.26	0.5	0.6	0.13	0.3	0.5
70	0.28	0.15	0.31	0.31	0.44	0.24	0.26	0.5	0.6	0.13	0.3	0.5
71	0.27	0.15	0.32	0.32	0.44	0.24	0.26	0.5	0.6	0.13	0.3	0.5
72	0.27	0.15	0.32	0.32	0.5	0.24	0.26	0.5	0.67	0.13	0.3	0.5
73	0.37	0.25	0.4	0.43	0.62	0.29	0.31	0.5	0.67	0.23	0.35	0.5
74	0.27	0.15	0.33	0.32	0.62	0.24	0.27	0.5	0.6	0.13	0.3	0.5
75	0.29	0.16	0.34	0.34	0.44	0.3	0.27	0.5	0.6	0.13	0.3	0.5
76	0.27	0.15	0.31	0.31	0.44	0.24	0.26	0.5	0.6	0.13	0.3	0.5
77	0.3	0.16	0.34	0.38	0.62	0.27	0.26	0.57	0.6	0.13	0.3	0.5
78	0.37	0.28	0.42	0.49	0.94	0.33	0.27	0.57	0.67	0.23	0.41	0.5
79	0.29	0.17	0.32	0.35	0.62	0.24	0.26	0.57	0.8	0.2	0.3	0.5
80	0.27	0.17	0.32	0.32	0.62	0.24	0.26	0.5	0.67	0.2	0.3	0.5
81	0.27	0.15	0.31	0.31	0.44	0.24	0.26	0.5	0.6	0.13	0.3	0.5
82	0.29	0.15	0.35	0.32	0.44	0.26	0.26	0.57	0.67	0.13	0.37	0.5
83	0.27	0.15	0.32	0.32	0.5	0.24	0.26	0.5	0.6	0.13	0.3	0.5
84	0.38	0.24	0.39	0.38	0.62	0.27	0.26	0.57	0.67	0.13	0.37	0.5
85	0.27	0.15	0.31	0.31	0.44	0.24	0.26	0.5	0.6	0.13	0.3	0.5
86	0.1	0.03	0.01	0.01	0.06	0.01	0.26	0.5	0.6	0.13	0.3	0.5
87	0.1	0.03	0.01	0.01	0.06	0.01	0.26	0.5	0.6	0.13	0.3	0.5
88	0.27	0.16	0.28	0.3	0.75	0.26	0.22	0.29	0.73	0.13	0.33	0.5
89	0.04	0.07	0.08	0.05	0.31	0.03	0.05	0.21	0.2	0.13	0.13	0.5
90	0.01	0.01	0.0	0.01	0.31	0.02	0.05	0.21	0.2	0.13	0.13	0.5
91	0.02	0.03	0.07	0.06	0.25	0.11	0.05	0.14	0.13	0.07	0.04	0.5
92	0.01	0.01	0.0	0.01	0.25	0.02	0.05	0.14	0.13	0.07	0.04	0.5
93	0.01	0.01	0.01	0.0	0.25	0.02	0.01	0.14	0.13	0.07	0.04	0.5
94	0.08	0.05	0.12	0.04	0.19	0.05	0.07	0.14	0.4	0.03	0.15	0.5
95	0.0	0.05	0.0	0.04	0.19	0.05	0.07	0.14	0.4	0.03	0.15	0.5
96	0.01	0.07	0.02	0.03	0.19	0.01	0.07	0.14	0.07	0.03	0.02	0.5
97	0.03	0.16	0.04	0.05	0.19	0.02	0.01	0.14	0.07	0.03	0.07	0.5
98	0.03	0.03	0.02	0.04	0.19	0.02	0.01	0.14	0.07	0.03	0.07	0.5
99	0.03	0.07	0.03	0.01	0.06	0.03	0.01	0.14	0.07	0.03	0.11	0.5
100	0.0	0.02	0.03	0.01	0.06	0.03	0.01	0.14	0.07	0.03	0.11	0.5
101	0.0	0.02	0.03	0.01	0.06	0.03	0.01	0.14	0.07	0.03	0.11	0.5
102	0.37	0.53	0.34	0.41	0.25	0.34	0.09	0.14	0.33	0.23	0.54	0.5
103	0.08	0.04	0.06	0.1	0.06	0.16	0.09	0.14	0.07	0.23	0.07	0.5
104	0.11	0.27	0.22	0.2	0.06	0.22	0.09	0.07	0.07	0.07	0.07	0.5
105	0.08	0.21	0.12	0.11	0.06	0.12	0.09	0.07	0.13	0.03	0.17	0.5
106	0.0	0.03	0.0	0.11	0.06	0.12	0.09	0.07	0.13	0.03	0.02	0.5
107	0.03	0.07	0.1	0.03	0.06	0.13	0.05	0.07	0.07	0.03	0.09	0.5
108	0.0	0.03	0.05	0.03	0.06	0.05	0.02	0.07	0.07	0.03	0.02	0.5
109	0.0	0.01	0.01	0.03	0.06	0.05	0.02	0.07	0.07	0.03	0.02	0.5
110	0.17	0.25	0.4	0.3	0.38	0.34	0.19	0.29	0.4	0.03	0.26	0.5
111	0.04	0.03	0.04	0.05	0.38	0.06	0.19	0.29	0.4	0.03	0.04	0.5
112	0.31	0.64	0.35	0.24	0.12	0.39	0.09	0.21	0.27	0.23	0.37	0.5
113	0.27	0.26	0.24	0.2	0.06	0.42	0.09	0.14	0.4	0.17	0.28	0.5
114	0.04	0.15	0.11	0.1	0.06	0.13	0.09	0.14	0.4	0.07	0.11	0.5
115	0.04	0.14	0.05	0.05	0.06	0.02	0.09	0.14	0.4	0.07	0.04	0.5
116	0.31	0.48	0.39	0.3	0.06	0.39	0.09	0.21	0.33	0.23	0.43	0.5
117	0.04	0.05	0.06	0.05	0.06	0.07	0.09	0.07	0.07	0.07	0.07	0.5
118	0.09	0.25	0.18	0.18	0.06	0.11	0.09	0.14	0.07	0.07	0.11	0.5
119	0.06	0.18	0.13	0.11	0.06	0.14	0.09	0.14	0.13	0.13	0.11	0.5
120	0.01	0.18	0.0	0.01	0.06	0.02	0.09	0.14	0.13	0.13	0.11	0.5
121	0.05	0.06	0.02	0.05	0.06	0.15	0.09	0.07	0.07	0.03	0.11	0.5
122	0.05	0.13	0.11	0.13	0.06	0.12	0.02	0.07	0.07	0.17	0.09	0.5
123	0.02	0.01	0.02	0.04	0.06	0.06	0.02	0.07	0.07	0.17	0.02	0.5
124	0.1	0.12	0.15	0.13	0.06	0.24	0.02	0.14	0.07	0.03	0.15	0.5
125	0.02	0.01	0.02	0.02	0.12	0.04	0.02	0.14	0.07	0.03	0.02	0.5
126	0.02	0.05	0.02	0.03	0.12	0.06	0.02	0.14	0.07	0.03	0.02	0.5
127	0.01	0.02	0.02	0.03	0.12	0.06	0.02	0.14	0.07	0.03	0.02	0.5
128	0.25	0.11	0.19	0.19	0.12	0.29	0.09	0.14	0.27	0.17	0.24	0.5
129	0.03	0.04	0.04	0.04	0.12	0.04	0.09	0.07	0.27	0.07	0.02	0.5
130	0.01	0.05	0.02	0.02	0.12	0.02	0.09	0.07	0.07	0.07	0.02	0.5
131	0.03	0.07	0.01	0.04	0.06	0.09	0.09	0.07	0.07	0.07	0.04	0.5
132	0.0	0.02	0.0	0.04	0.06	0.09	0.09	0.07	0.07	0.07	0.04	0.5
133	0.06	0.11	0.02	0.07	0.06	0.16	0.09	0.07	0.07	0.2	0.02	0.5
134	0.29	0.13	0.23	0.11	0.19	0.16	0.11	0.36	0.2	0.13	0.17	0.5
135	0.1	0.09	0.13	0.06	0.12	0.1	0.1	0.36	0.27	0.1	0.07	0.5
136	0.13	0.11	0.13	0.05	0.06	0.08	0.02	0.21	0.27	0.07	0.07	0.5
137	0.24	0.13	0.21	0.14	0.06	0.29	0.1	0.21	0.27	0.17	0.26	0.5
138	0.1	0.05	0.14	0.03	0.06	0.02	0.12	0.36	0.27	0.17	0.09	0.5
139	0.1	0.05	0.02	0.01	0.06	0.02	0.04	0.36	0.13	0.17	0.02	0.5
140	0.02	0.05	0.03	0.06	0.12	0.02	0.04	0.36	0.33	0.17	0.07	0.5
141	0.05	0.03	0.11	0.08	0.19	0.07	0.11	0.21	0.2	0.17	0.17	0.5
142	0.05	0.03	0.01	0.08	0.19	0.07	0.04	0.21	0.2	0.17	0.02	0.5
143	0.17	0.02	0.12	0.06	0.19	0.07	0.05	0.5	0.4	0.17	0.15	0.5
144	0.0	0.02	0.12	0.06	0.19	0.07	0.04	0.5	0.4	0.17	0.15	0.5
145	0.27	0.15	0.26	0.12	0.25	0.11	0.2	0.71	0.27	0.1	0.22	0.5
146	0.11	0.07	0.12	0.05	0.06	0.06	0.11	0.14	0.13	0.07	0.09	0.5
147	0.12	0.03	0.06	0.02	0.06	0.04	0.09	0.21	0.07	0.07	0.07	0.5
148	0.2	0.23	0.15	0.05	0.12	0.07	0.07	0.36	0.07	0.5	0.15	0.5
149	0.06	0.03	0.11	0.06	0.12	0.05	0.07	0.36	0.07	0.5	0.17	0.5
150	0.06	0.03	0.0	0.06	0.06	0.05	0.07	0.36	0.13	0.5	0.17	0.5
151	0.09	0.06	0.23	0.12	0.19	0.07	0.12	0.36	0.27	0.07	0.2	0.5
152	0.13	0.08	0.08	0.04	0.12	0.07	0.01	0.43	0.2	0.17	0.22	0.5
153	0.04	0.07	0.02	0.02	0.06	0.02	0.02	0.43	0.2	0.2	0.07	0.5
154	0.03	0.01	0.09	0.05	0.19	0.03	0.14	0.07	0.07	0.07	0.11	0.5
155	0.06	0.15	0.02	0.01	0.19	0.03	0.14	0.07	0.07	0.23	0.11	0.5
156	0.0	0.15	0.01	0.02	0.19	0.03	0.14	0.07	0.07	0.23	0.02	0.5
157	0.23	0.11	0.18	0.15	0.12	0.26	0.09	0.21	0.4	0.17	0.24	0.5
158	0.01	0.01	0.18	0.04	0.12	0.04	0.09	0.21	0.4	0.17	0.24	0.5
159	0.04	0.09	0.03	0.06	0.12	0.19	0.09	0.07	0.4	0.13	0.02	0.5
160	0.09	0.17	0.17	0.1	0.12	0.15	0.09	0.14	0.2	0.03	0.13	0.5
161	0.04	0.03	0.02	0.06	0.12	0.08	0.09	0.07	0.07	0.03	0.04	0.5
162	0.64	0.39	0.61	1.0	0.56	0.61	0.1	0.5	0.87	0.27	0.67	0.5
163	0.64	0.39	0.61	1.0	0.56	0.61	0.1	0.5	0.87	0.27	0.67	0.5
164	0.44	0.38	0.42	0.65	0.44	0.49	0.1	0.29	0.53	0.27	0.48	0.5
165	0.28	0.18	0.24	0.2	0.12	0.33	0.09	0.29	0.47	0.3	0.26	0.5
166	0.01	0.01	0.05	0.08	0.12	0.04	0.09	0.29	0.47	0.3	0.02	0.5
167	0.4	0.23	0.49	0.62	0.25	0.39	0.09	0.36	0.53	0.17	0.5	0.5
168	0.0	0.23	0.01	0.02	0.25	0.01	0.09	0.36	0.53	0.17	0.5	0.5
169	0.0	0.23	0.01	0.02	0.25	0.01	0.09	0.36	0.53	0.17	0.5	0.5
170	0.02	0.23	0.01	0.03	0.25	0.01	0.09	0.36	0.07	0.03	0.5	0.5
171	0.32	0.27	0.34	0.41	0.19	0.41	0.09	0.21	0.53	0.23	0.3	0.5
172	0.42	0.19	0.3	0.27	0.81	0.34	0.1	0.36	0.6	0.17	0.35	0.5
173	0.08	0.13	0.11	0.14	0.12	0.14	0.1	0.14	0.2	0.17	0.09	0.5
174	0.39	0.54	0.48	0.49	0.25	0.55	0.15	0.29	0.6	0.33	0.41	0.5
175	0.29	0.23	0.26	0.26	0.19	0.37	0.09	0.29	0.6	0.17	0.28	0.5
176	0.08	0.13	0.11	0.14	0.12	0.14	0.09	0.14	0.2	0.17	0.09	0.5
177	0.23	0.11	0.15	0.13	0.19	0.25	0.09	0.14	0.4	0.17	0.24	0.5
178	0.35	0.15	0.3	0.25	0.06	0.31	0.48	0.14	0.33	0.2	0.37	0.5
179	0.29	0.25	0.29	0.25	0.31	0.4	0.09	0.36	0.4	0.23	0.37	0.5
180	0.24	0.11	0.2	0.17	0.19	0.29	0.09	0.14	0.33	0.17	0.26	0.5
181	0.36	0.36	0.38	0.38	0.44	0.48	0.09	0.29	0.4	0.2	0.39	0.5
182	0.48	0.44	0.56	0.63	0.38	0.65	0.09	0.71	0.67	0.4	0.57	0.5
183	0.61	0.46	0.6	0.64	0.38	0.61	0.28	0.43	0.73	0.27	0.48	0.5
184	0.25	0.12	0.19	0.19	0.38	0.28	0.09	0.14	0.27	0.2	0.3	0.5
185	0.24	0.11	0.2	0.19	0.12	0.25	0.1	0.29	0.53	0.17	0.28	0.5
186	0.32	0.19	0.29	0.29	0.12	0.34	0.1	0.14	0.4	0.17	0.35	0.5
187	0.26	0.19	0.26	0.19	0.06	0.33	0.09	0.29	0.4	0.17	0.24	0.5
188	0.27	0.18	0.26	0.23	0.25	0.34	0.11	0.29	0.53	0.23	0.35	0.5
189	0.01	0.01	0.02	0.02	0.06	0.02	0.11	0.29	0.53	0.03	0.35	0.5
190	0.51	0.49	0.54	0.62	0.69	0.49	0.17	0.43	0.67	0.5	0.54	0.5
191	0.42	0.24	0.51	0.56	0.25	0.5	0.21	0.36	0.47	0.17	0.46	0.5
192	0.26	0.14	0.29	0.28	0.06	0.39	0.09	0.21	0.4	0.17	0.3	0.5
193	0.26	0.11	0.2	0.24	0.06	0.29	0.12	0.14	0.27	0.17	0.24	0.5
194	0.41	0.64	0.57	0.58	0.25	0.71	0.14	0.29	0.6	0.23	0.52	0.5
195	0.02	0.02	0.08	0.08	0.25	0.14	0.14	0.07	0.2	0.23	0.09	0.5
196	0.5	0.4	0.44	0.56	0.38	0.57	0.1	0.36	1.0	0.23	0.54	0.5
197	0.11	0.05	0.16	0.24	0.25	0.14	0.1	0.07	1.0	0.07	0.02	0.5
198	0.47	0.3	0.59	0.71	0.25	0.61	0.11	0.43	0.6	0.3	0.52	0.5
199	0.08	0.07	0.11	0.14	0.12	0.06	0.05	0.43	0.6	0.07	0.11	0.5
200	0.05	0.01	0.06	0.11	0.12	0.03	0.05	0.43	0.6	0.07	0.04	0.5
201	0.45	0.29	0.43	0.52	0.38	0.48	0.11	0.29	0.67	0.27	0.43	0.5
202	0.33	0.19	0.31	0.32	0.12	0.34	0.09	0.29	0.47	0.17	0.41	0.5
203	0.12	0.09	0.18	0.23	0.06	0.09	0.09	0.14	0.07	0.17	0.17	0.5
204	0.26	0.15	0.26	0.21	0.12	0.33	0.09	0.14	0.4	0.17	0.3	0.5
205	0.01	0.01	0.04	0.03	0.12	0.02	0.09	0.14	0.4	0.17	0.02	0.5
206	0.49	0.27	0.37	0.63	0.31	0.46	0.2	0.36	0.73	0.3	0.5	0.5
207	0.39	0.21	0.41	0.55	0.19	0.4	0.09	0.36	0.53	0.2	0.3	0.5
208	0.04	0.02	0.1	0.11	0.06	0.02	0.09	0.07	0.53	0.2	0.3	0.5
209	0.24	0.11	0.2	0.14	0.06	0.26	0.14	0.29	0.47	0.17	0.28	0.5
210	0.31	0.19	0.34	0.34	0.12	0.32	0.09	0.21	0.4	0.17	0.35	0.5
211	0.12	0.07	0.13	0.17	0.19	0.11	0.09	0.07	0.27	0.1	0.17	0.5
212	0.06	0.03	0.07	0.04	0.12	0.04	0.09	0.14	0.07	0.1	0.04	0.5
213	0.23	0.13	0.2	0.15	0.12	0.32	0.09	0.14	0.27	0.17	0.26	0.5
214	0.24	0.13	0.18	0.15	0.06	0.28	0.11	0.14	0.33	0.2	0.28	0.5
215	0.28	0.13	0.22	0.22	0.06	0.29	0.09	0.29	0.33	0.17	0.3	0.5
216	0.05	0.13	0.06	0.16	0.06	0.01	0.09	0.29	0.33	0.17	0.04	0.5
217	0.39	0.28	0.41	0.47	0.19	0.47	0.14	0.36	0.47	0.23	0.39	0.5
218	0.37	0.5	0.25	0.23	0.12	0.43	0.09	0.29	0.47	0.4	0.41	0.5
219	0.01	0.01	0.01	0.04	0.12	0.43	0.09	0.29	0.47	0.4	0.41	0.5
220	0.1	0.07	0.15	0.1	0.12	0.18	0.05	0.14	0.2	0.1	0.11	0.5
221	0.35	0.28	0.35	0.31	0.62	0.49	0.09	0.29	0.47	0.37	0.37	0.5
222	0.35	0.28	0.33	0.34	0.06	0.42	0.09	0.21	0.33	0.2	0.39	0.5
223	0.31	0.34	0.29	0.29	0.31	0.46	0.09	0.14	0.33	0.33	0.33	0.5
224	0.24	0.13	0.17	0.15	0.06	0.28	0.09	0.14	0.33	0.17	0.3	0.5
225	0.24	0.12	0.2	0.16	0.12	0.25	0.09	0.14	0.27	0.2	0.26	0.5
226	0.3	0.22	0.24	0.25	0.12	0.4	0.11	0.14	0.33	0.37	0.37	0.5
227	0.04	0.01	0.03	0.06	0.12	0.01	0.11	0.14	0.07	0.37	0.11	0.5
228	0.26	0.14	0.2	0.16	0.06	0.3	0.09	0.21	0.33	0.2	0.26	0.5
229	0.38	0.32	0.35	0.33	0.44	0.45	0.09	0.21	0.47	0.37	0.48	0.5
230	0.29	0.17	0.24	0.25	0.12	0.3	0.09	0.21	0.47	0.17	0.33	0.5
231	0.24	0.17	0.24	0.15	0.19	0.3	0.09	0.21	0.4	0.2	0.35	0.5
232	0.26	0.15	0.2	0.19	0.06	0.31	0.09	0.14	0.4	0.17	0.35	0.5
233	0.4	0.4	0.37	0.36	0.62	0.5	0.1	0.21	0.6	0.33	0.63	0.5
234	0.57	0.3	0.59	0.81	0.5	0.51	0.15	0.36	0.73	0.23	0.63	0.5
235	0.09	0.05	0.1	0.09	0.5	0.04	0.15	0.14	0.73	0.03	0.04	0.5
236	0.02	0.03	0.04	0.04	0.5	0.1	0.15	0.14	0.13	0.03	0.07	0.5
237	0.09	0.15	0.14	0.16	0.06	0.22	0.15	0.14	0.13	0.03	0.02	0.5
238	0.31	0.32	0.29	0.31	0.38	0.43	0.16	0.21	0.47	0.3	0.43	0.5
239	0.26	0.13	0.28	0.28	0.06	0.39	0.09	0.29	0.4	0.17	0.3	0.5
240	0.32	0.56	0.45	0.4	0.19	0.59	0.09	0.21	0.53	0.23	0.33	0.5
241	0.29	0.6	0.35	0.27	0.12	0.47	0.09	0.21	0.47	0.17	0.37	0.5
242	0.3	0.61	0.41	0.35	0.06	0.57	0.09	0.21	0.4	0.23	0.37	0.5
243	0.0	0.61	0.02	0.02	0.06	0.02	0.09	0.21	0.4	0.23	0.37	0.5
244	0.04	0.07	0.04	0.1	0.06	0.02	0.09	0.21	0.4	0.03	0.04	0.5
245	0.44	0.32	0.35	0.4	0.38	0.43	0.14	0.43	0.47	0.47	0.41	0.5
246	0.58	0.4	0.53	0.4	0.44	0.54	0.35	0.57	0.67	0.4	0.59	0.5
247	0.04	0.06	0.09	0.02	0.44	0.05	0.09	0.07	0.07	0.1	0.11	0.5
248	0.24	0.18	0.22	0.17	0.44	0.29	0.09	0.14	0.33	0.17	0.35	0.5
249	0.25	0.28	0.21	0.18	0.06	0.31	0.09	0.14	0.4	0.23	0.33	0.5
250	0.39	0.82	0.44	0.31	0.19	0.62	0.09	0.29	0.33	0.33	0.46	0.5
251	0.32	0.27	0.37	0.23	0.38	0.41	0.14	0.5	0.6	0.33	0.48	0.5
252	0.07	0.19	0.13	0.07	0.12	0.06	0.14	0.14	0.07	0.03	0.09	0.5
253	0.24	0.13	0.17	0.16	0.06	0.29	0.09	0.14	0.4	0.17	0.3	0.5
254	0.42	0.59	0.41	0.32	0.38	0.58	0.09	0.21	0.4	0.3	0.39	0.5
255	0.3	0.47	0.38	0.24	0.06	0.41	0.09	0.14	0.53	0.23	0.37	0.5
256	0.35	0.63	0.43	0.28	0.25	0.44	0.1	0.29	0.4	0.27	0.43	0.5
257	0.29	0.46	0.26	0.22	0.19	0.35	0.09	0.14	0.4	0.2	0.3	0.5
258	0.3	0.18	0.2	0.14	0.06	0.29	0.09	0.14	0.33	0.27	0.28	0.5
259	0.3	0.2	0.25	0.16	0.19	0.3	0.74	0.14	0.4	0.27	0.28	0.5
260	0.32	0.51	0.38	0.26	0.25	0.48	0.09	0.29	0.27	0.33	0.43	0.5
261	0.14	0.07	0.07	0.06	0.19	0.07	0.09	0.14	0.2	0.17	0.07	0.5
262	0.34	0.59	0.39	0.28	0.19	0.47	0.14	0.21	0.27	0.2	0.43	0.5
263	0.24	0.13	0.16	0.14	0.19	0.27	0.09	0.29	0.4	0.33	0.28	0.5
264	0.38	0.89	0.49	0.29	0.19	0.41	0.09	0.29	0.4	0.37	0.46	0.5
265	0.28	0.6	0.33	0.24	0.12	0.34	0.09	0.21	0.27	0.23	0.28	0.5
266	0.43	0.89	0.63	0.45	0.38	0.6	0.15	0.29	0.4	0.27	0.63	0.5
267	0.06	0.12	0.11	0.07	0.38	0.15	0.05	0.29	0.4	0.07	0.11	0.5
268	0.31	0.41	0.27	0.24	0.12	0.39	0.09	0.14	0.27	0.33	0.41	0.5
269	0.31	0.53	0.43	0.28	0.19	0.42	0.09	0.29	0.33	0.23	0.43	0.5
270	0.28	0.15	0.21	0.16	0.12	0.19	0.3	0.21	0.27	0.03	0.28	0.5
271	0.74	0.23	0.52	0.32	0.69	0.33	0.84	0.5	0.27	0.2	0.57	0.5
272	0.43	0.17	0.37	0.21	0.62	0.22	0.35	0.5	0.33	0.1	0.54	0.5
273	0.43	0.17	0.37	0.21	0.62	0.22	0.35	0.5	0.33	0.1	0.54	0.5
274	0.43	0.17	0.02	0.01	0.62	0.02	0.35	0.5	0.33	0.1	0.54	0.5
275	0.07	0.01	0.09	0.05	0.56	0.02	0.35	0.5	0.13	0.1	0.02	0.5
276	0.22	0.12	0.2	0.08	0.19	0.08	0.07	0.36	0.27	0.1	0.09	0.5
277	0.08	0.01	0.1	0.06	0.81	0.06	0.06	0.07	0.4	0.1	0.15	0.5
278	0.57	0.28	0.34	0.21	1.0	0.21	0.48	0.57	0.27	0.27	0.46	1.0
279	0.05	0.02	0.02	0.01	1.0	0.03	0.02	0.57	0.07	0.27	0.04	1.0
280	0.04	0.02	0.04	0.01	0.06	0.01	0.01	0.57	0.13	0.27	0.04	1.0
281	0.38	0.19	0.21	0.16	0.19	0.3	0.09	0.21	0.4	0.33	0.26	1.0
282	0.24	0.12	0.2	0.14	0.06	0.27	0.09	0.21	0.4	0.23	0.26	1.0
283	0.91	0.5	0.55	0.54	0.75	0.57	0.27	0.71	0.93	0.47	0.63	0.5
284	0.41	0.36	0.39	0.27	0.12	0.46	0.21	0.43	0.4	0.33	0.46	0.5
285	0.41	0.36	0.39	0.27	0.12	0.46	0.21	0.43	0.4	0.33	0.46	0.5
286	0.25	0.26	0.27	0.15	0.12	0.24	0.14	0.36	0.2	0.17	0.24	0.5
287	0.68	0.35	0.47	0.28	0.25	0.39	0.32	0.36	0.6	0.37	0.65	0.5
288	0.35	0.26	0.46	0.32	0.25	0.44	0.21	0.29	0.47	0.2	0.54	0.5
289	0.67	0.44	0.55	0.37	0.38	0.43	0.17	0.71	0.67	0.37	0.74	0.5
290	0.01	0.44	0.02	0.02	0.38	0.43	0.17	0.71	0.67	0.37	0.04	0.5
291	0.05	0.02	0.01	0.02	0.06	0.43	0.17	0.71	0.13	0.1	0.02	0.5
292	0.49	0.19	0.33	0.17	0.12	0.11	0.1	0.36	0.13	0.17	0.2	0.5
293	0.25	0.11	0.16	0.13	0.06	0.25	0.09	0.14	0.4	0.17	0.24	0.5
294	0.3	0.14	0.21	0.15	0.06	0.28	0.16	0.21	0.33	0.17	0.28	0.5
295	0.01	0.01	0.02	0.01	0.06	0.03	0.16	0.21	0.33	0.17	0.28	0.5
296	0.41	0.25	0.35	0.2	0.25	0.32	0.11	0.36	0.6	0.23	0.43	0.5
297	0.26	0.23	0.26	0.17	0.25	0.28	0.09	0.14	0.4	0.2	0.33	0.5
298	0.26	0.23	0.26	0.17	0.25	0.28	0.09	0.14	0.4	0.2	0.33	0.5
299	0.45	0.22	0.28	0.17	0.38	0.29	0.11	0.36	0.47	0.3	0.35	0.5
300	0.01	0.22	0.02	0.01	0.38	0.01	0.25	0.36	0.47	0.3	0.35	0.5
301	0.01	0.01	0.02	0.02	0.38	0.01	0.25	0.36	0.47	0.3	0.02	0.5
302	0.01	0.01	0.0	0.03	0.38	0.01	0.25	0.36	0.47	0.3	0.02	0.5
303	0.26	0.13	0.15	0.13	0.19	0.27	0.09	0.14	0.47	0.17	0.28	0.5
304	0.01	0.03	0.04	0.06	0.12	0.02	0.01	0.14	0.13	0.17	0.02	0.5
305	0.37	0.75	0.4	0.35	0.19	0.43	0.09	0.14	0.47	0.23	0.48	0.5
306	0.06	0.19	0.06	0.1	0.19	0.13	0.09	0.14	0.47	0.1	0.09	0.5
307	0.34	0.18	0.35	0.39	0.25	0.39	0.14	0.36	0.4	0.27	0.39	0.5
308	0.28	0.25	0.2	0.17	0.06	0.27	0.09	0.21	0.4	0.17	0.26	0.5
309	0.02	0.04	0.01	0.02	0.06	0.07	0.09	0.21	0.4	0.03	0.04	0.5
310	1.0	1.0	1.0	0.75	0.56	1.0	0.22	0.5	0.87	0.8	1.0	0.5
311	0.02	0.03	0.02	0.75	0.56	0.01	0.22	0.07	0.87	0.13	0.07	0.5
312	0.14	0.21	0.11	0.06	0.19	0.19	0.22	0.07	0.27	0.27	0.15	0.5
313	0.23	0.13	0.18	0.13	0.12	0.28	0.12	0.14	0.47	0.23	0.26	0.5
314	0.03	0.03	0.01	0.0	0.12	0.02	0.12	0.14	0.47	0.03	0.02	0.5
315	0.16	0.07	0.12	0.25	0.25	0.18	0.12	0.07	0.33	0.1	0.15	0.5
316	0.16	0.07	0.12	0.25	0.25	0.18	0.12	0.07	0.33	0.1	0.15	0.5
317	0.16	0.07	0.12	0.25	0.25	0.18	0.02	0.07	0.33	0.1	0.02	0.5
318	0.05	0.02	0.03	0.01	0.25	0.01	0.02	0.07	0.07	0.03	0.02	0.5
319	0.04	0.01	0.07	0.05	0.12	0.04	0.02	0.07	0.07	0.03	0.04	0.5
320	0.22	0.11	0.15	0.13	0.19	0.25	0.1	0.14	0.4	0.17	0.24	0.5
321	0.22	0.11	0.15	0.13	0.19	0.25	0.1	0.14	0.4	0.17	0.24	0.5
322	0.12	0.05	0.07	0.08	0.31	0.09	0.1	0.07	0.53	0.07	0.17	0.5
323	0.31	0.52	0.24	0.19	0.12	0.4	0.09	0.14	0.27	0.4	0.39	0.5
324	0.01	0.05	0.06	0.01	0.12	0.02	0.09	0.07	0.27	0.03	0.39	0.5
325	0.31	0.56	0.27	0.22	0.12	0.4	0.09	0.14	0.27	0.23	0.39	0.5
326	0.01	0.12	0.04	0.03	0.12	0.01	0.09	0.07	0.27	0.23	0.02	0.5
327	0.31	0.56	0.33	0.3	0.31	0.56	0.09	0.21	0.4	0.27	0.39	0.5
328	0.32	0.47	0.26	0.22	0.06	0.37	0.09	0.21	0.47	0.43	0.46	0.5
329	0.4	0.71	0.45	0.36	0.06	0.5	0.15	0.43	0.6	0.23	0.46	0.5
330	0.38	0.68	0.33	0.28	0.06	0.55	0.09	0.21	0.4	0.4	0.61	0.5
331	0.35	0.58	0.38	0.28	0.06	0.4	0.09	0.21	0.33	0.27	0.54	0.5
332	0.3	0.56	0.28	0.21	0.12	0.33	0.09	0.14	0.27	0.2	0.43	0.5
333	0.42	0.95	0.63	0.4	0.44	0.65	0.14	0.29	0.4	0.4	0.57	0.5
334	0.05	0.19	0.03	0.06	0.44	0.09	0.14	0.29	0.07	0.03	0.13	0.5
335	0.33	0.68	0.37	0.27	0.44	0.39	0.09	0.21	0.33	0.37	0.43	0.5
336	0.34	0.65	0.31	0.27	0.12	0.43	0.09	0.14	0.4	0.23	0.48	0.5
337	0.33	0.74	0.48	0.31	0.25	0.45	0.09	0.29	0.33	0.27	0.35	0.5
338	0.3	0.56	0.37	0.23	0.25	0.34	0.16	0.14	0.4	0.23	0.35	0.5
339	0.4	0.92	0.46	0.37	0.06	0.56	0.09	0.14	0.6	0.27	0.61	0.5
340	0.26	0.34	0.23	0.19	0.12	0.34	0.09	0.14	0.27	0.23	0.3	0.5
341	0.26	0.36	0.26	0.19	0.12	0.31	0.09	0.14	0.27	0.2	0.33	0.5
342	0.42	0.36	0.4	0.27	0.31	0.46	0.25	0.43	0.47	0.33	0.46	0.5
343	0.25	0.19	0.23	0.15	0.19	0.28	0.62	0.14	0.4	0.3	0.28	0.5
344	0.25	0.13	0.24	0.18	0.12	0.31	0.09	0.43	0.4	0.3	0.28	0.5
345	0.29	0.17	0.27	0.19	0.25	0.31	0.42	0.29	0.47	0.27	0.33	0.5
346	0.29	0.17	0.28	0.26	0.25	0.33	0.1	0.29	0.47	0.2	0.28	0.5
347	0.33	0.18	0.23	0.16	0.06	0.29	0.15	0.14	0.4	0.2	0.3	0.5
348	0.35	0.28	0.3	0.19	0.5	0.29	1.0	0.29	0.47	0.37	0.39	0.5
349	0.24	0.11	0.21	0.15	0.12	0.27	0.28	0.21	0.27	0.17	0.28	0.5
350	0.43	0.77	0.46	0.39	0.12	0.55	0.15	0.21	0.53	0.4	0.57	0.5
351	0.26	0.13	0.24	0.16	0.19	0.28	0.22	0.21	0.4	0.2	0.28	0.5
352	0.23	0.13	0.2	0.13	0.06	0.26	0.25	0.14	0.4	0.17	0.3	0.5
353	0.33	0.26	0.37	0.23	0.31	0.32	0.51	0.36	0.47	0.23	0.41	0.5
354	0.28	0.15	0.23	0.18	0.12	0.3	0.25	0.29	0.4	0.2	0.33	0.5
355	0.23	0.13	0.2	0.14	0.19	0.26	0.2	0.14	0.4	0.17	0.39	0.5
356	0.32	0.2	0.26	0.2	0.25	0.33	0.2	0.14	0.4	0.3	0.39	0.5
357	0.25	0.11	0.22	0.15	0.19	0.26	0.19	0.21	0.4	0.17	0.26	0.5
358	0.22	0.11	0.16	0.13	0.19	0.25	0.12	0.14	0.4	0.17	0.26	0.5
359	0.42	0.19	0.32	0.17	0.12	0.3	0.28	0.21	0.47	0.17	0.33	0.5
360	0.24	0.13	0.2	0.13	0.19	0.27	0.17	0.14	0.47	0.17	0.26	0.5
361	0.22	0.11	0.17	0.13	0.19	0.25	0.12	0.14	0.27	0.17	0.3	0.5
362	0.48	0.56	0.43	0.3	0.38	0.43	0.12	0.29	0.6	0.4	0.5	0.5
363	0.05	0.08	0.02	0.06	0.38	0.04	0.12	0.29	0.6	0.07	0.11	0.5
364	0.58	0.48	0.72	0.51	0.69	0.64	0.4	0.71	0.53	0.53	0.67	0.5
365	0.23	0.11	0.15	0.13	0.06	0.25	0.09	0.14	0.4	0.17	0.26	0.5
366	0.24	0.11	0.28	0.18	0.31	0.34	0.11	0.21	0.4	0.17	0.26	0.5
367	0.23	0.11	0.18	0.13	0.25	0.25	0.11	0.29	0.47	0.17	0.24	0.5
368	0.35	0.6	0.39	0.31	0.19	0.49	0.15	0.43	0.4	0.2	0.52	0.5
369	0.25	0.29	0.25	0.19	0.25	0.3	0.11	0.14	0.4	0.17	0.26	0.5
370	0.24	0.12	0.17	0.15	0.06	0.29	0.09	0.21	0.4	0.17	0.26	0.5
371	0.51	0.32	0.42	0.23	0.12	0.34	0.21	0.43	0.53	0.5	0.41	0.5
372	0.23	0.11	0.17	0.14	0.12	0.25	0.09	0.14	0.47	0.17	0.26	0.5
373	0.77	0.3	0.65	0.39	0.31	0.47	0.38	0.43	0.73	0.23	0.67	0.5
374	0.26	0.07	0.29	0.12	0.19	0.09	0.22	0.36	0.07	0.07	0.17	0.5
375	0.31	0.54	0.34	0.26	0.06	0.35	0.09	0.14	0.27	0.23	0.43	0.5
376	0.04	0.23	0.06	0.03	0.06	0.03	0.09	0.14	0.27	0.23	0.07	0.5
377	0.22	0.11	0.15	0.13	0.06	0.25	0.09	0.14	0.27	0.17	0.24	0.5
378	0.26	0.27	0.2	0.18	0.06	0.31	0.09	0.14	0.27	0.17	0.28	0.5
379	0.24	0.13	0.17	0.16	0.12	0.31	0.09	0.21	0.27	0.17	0.26	0.5
380	0.31	0.26	0.33	0.28	0.19	0.42	0.19	0.21	0.33	0.2	0.43	0.5
381	0.3	0.5	0.3	0.22	0.19	0.38	0.09	0.21	0.27	0.23	0.33	0.5
382	0.22	0.11	0.16	0.13	0.19	0.25	0.1	0.14	0.4	0.17	0.24	0.5
383	0.02	0.01	0.0	0.02	0.19	0.02	0.1	0.14	0.07	0.17	0.02	0.5
384	0.15	0.14	0.1	0.1	0.25	0.21	0.02	0.14	0.13	0.1	0.09	0.5
385	0.02	0.1	0.07	0.06	0.25	0.05	0.02	0.14	0.13	0.1	0.04	0.5
386	0.13	0.08	0.14	0.14	0.25	0.19	0.01	0.07	0.27	0.03	0.07	0.5
387	0.23	0.12	0.2	0.13	0.19	0.27	0.15	0.14	0.4	0.17	0.26	0.5
388	0.28	0.13	0.22	0.22	0.12	0.31	0.12	0.21	0.6	0.17	0.37	0.5
389	0.28	0.01	0.01	0.22	0.12	0.31	0.12	0.21	0.6	0.17	0.37	0.5
390	0.13	0.12	0.12	0.09	0.12	0.19	0.12	0.14	0.6	0.07	0.07	0.5
391	0.27	0.21	0.25	0.2	0.19	0.4	0.09	0.21	0.33	0.2	0.33	0.5
392	0.04	0.23	0.05	0.05	0.19	0.02	0.09	0.21	0.33	0.2	0.02	0.5
393	0.03	0.06	0.02	0.05	0.19	0.12	0.09	0.21	0.33	0.07	0.02	0.5
394	0.25	0.23	0.22	0.18	0.12	0.3	0.09	0.21	0.4	0.17	0.24	0.5
395	0.31	0.21	0.25	0.19	0.25	0.26	0.1	0.29	0.47	0.17	0.33	0.5
396	0.28	0.17	0.34	0.2	0.12	0.39	0.12	0.64	0.47	0.2	0.37	0.5
397	0.05	0.09	0.15	0.11	0.06	0.13	0.12	0.07	0.47	0.2	0.02	0.5
398	0.22	0.11	0.15	0.13	0.06	0.26	0.09	0.14	0.27	0.17	0.24	0.5
399	0.04	0.07	0.02	0.03	0.06	0.02	0.09	0.14	0.2	0.07	0.07	0.5
400	0.04	0.07	0.02	0.0	0.06	0.02	0.09	0.14	0.2	0.07	0.07	0.5
401	0.01	0.07	0.03	0.01	0.12	0.01	0.09	0.07	0.2	0.07	0.07	0.5
402	0.07	0.05	0.04	0.05	0.19	0.02	0.05	0.07	0.13	0.07	0.2	0.5
403	0.22	0.11	0.15	0.13	0.19	0.25	0.09	0.14	0.27	0.17	0.24	0.5
404	0.08	0.07	0.15	0.08	0.06	0.04	0.01	0.21	0.27	0.17	0.09	0.5
405	0.08	0.18	0.16	0.1	0.06	0.05	0.05	0.14	0.07	0.03	0.07	0.5
408	0.22	0.11	0.15	0.13	0.12	0.25	0.09	0.14	0.27	0.17	0.24	0.5
409	0.23	0.11	0.18	0.13	0.06	0.26	0.17	0.14	0.4	0.17	0.26	0.5
410	0.22	0.11	0.15	0.13	0.06	0.25	0.09	0.14	0.27	0.17	0.24	0.5
411	0.23	0.11	0.17	0.15	0.12	0.25	0.09	0.14	0.4	0.17	0.24	0.5
412	0.24	0.16	0.18	0.14	0.06	0.27	0.09	0.14	0.4	0.17	0.28	0.5
413	0.22	0.11	0.15	0.13	0.06	0.25	0.09	0.14	0.27	0.17	0.24	0.5
414	0.22	0.11	0.15	0.13	0.06	0.25	0.09	0.14	0.27	0.17	0.24	0.5
415	0.28	0.32	0.29	0.24	0.12	0.3	0.1	0.29	0.53	0.2	0.35	0.5
416	0.22	0.11	0.15	0.13	0.06	0.25	0.09	0.14	0.4	0.17	0.24	0.5
417	0.22	0.11	0.15	0.13	0.06	0.25	0.09	0.14	0.4	0.17	0.24	0.5
418	0.24	0.3	0.2	0.17	0.06	0.3	0.09	0.14	0.27	0.17	0.26	0.5
419	0.04	0.12	0.2	0.17	0.06	0.02	0.09	0.14	0.27	0.33	0.04	0.5
421	0.22	0.11	0.15	0.13	0.06	0.25	0.09	0.14	0.27	0.17	0.24	0.5
422	0.22	0.11	0.15	0.13	0.06	0.25	0.09	0.14	0.27	0.17	0.24	0.5
423	0.29	0.21	0.27	0.19	0.06	0.34	0.12	0.29	0.27	0.17	0.39	0.5
424	0.22	0.11	0.15	0.13	0.06	0.25	0.09	0.14	0.27	0.17	0.24	0.5
425	0.22	0.11	0.15	0.13	0.06	0.25	0.09	0.14	0.27	0.17	0.24	0.5
426	0.27	0.34	0.26	0.19	0.19	0.31	0.09	0.21	0.4	0.2	0.33	0.5
427	0.22	0.11	0.15	0.13	0.19	0.25	0.09	0.14	0.27	0.17	0.24	0.5
428	0.22	0.11	0.15	0.13	0.19	0.25	0.09	0.14	0.27	0.17	0.24	0.5
429	0.22	0.11	0.15	0.13	0.06	0.25	0.09	0.14	0.4	0.17	0.24	0.5
430	0.22	0.11	0.15	0.13	0.06	0.25	0.12	0.14	0.4	0.17	0.24	0.5
431	0.22	0.13	0.16	0.13	0.06	0.25	0.09	0.14	0.27	0.2	0.24	0.5
432	0.22	0.11	0.15	0.13	0.06	0.25	0.09	0.14	0.27	0.17	0.24	0.5
433	0.22	0.11	0.15	0.13	0.06	0.25	0.09	0.14	0.27	0.17	0.24	0.5
434	0.22	0.13	0.15	0.13	0.06	0.25	0.09	0.14	0.27	0.23	0.24	0.5
435	0.22	0.11	0.17	0.13	0.06	0.25	0.09	0.14	0.27	0.17	0.24	0.5
436	0.22	0.11	0.15	0.13	0.06	0.25	0.09	0.14	0.27	0.17	0.24	0.5
437	0.22	0.11	0.15	0.13	0.06	0.25	0.09	0.14	0.4	0.17	0.24	0.5
438	0.22	0.11	0.15	0.13	0.06	0.25	0.09	0.14	0.27	0.17	0.24	0.5
439	0.22	0.11	0.15	0.13	0.06	0.25	0.09	0.14	0.4	0.17	0.24	0.5
440	0.22	0.11	0.15	0.13	0.06	0.25	0.09	0.14	0.27	0.17	0.24	0.5
441	0.27	0.19	0.19	0.15	0.25	0.3	0.1	0.14	0.33	0.3	0.28	0.5
442	0.22	0.11	0.15	0.13	0.25	0.25	0.09	0.14	0.27	0.17	0.24	0.5
443	0.22	0.11	0.15	0.13	0.06	0.25	0.09	0.14	0.4	0.17	0.24	0.5
444	0.25	0.42	0.23	0.17	0.06	0.29	0.09	0.14	0.27	0.23	0.3	0.5
445	0.27	0.53	0.29	0.21	0.06	0.37	0.09	0.21	0.27	0.23	0.3	0.5
446	0.22	0.11	0.15	0.13	0.06	0.25	0.09	0.14	0.27	0.17	0.24	0.5
447	0.22	0.11	0.15	0.13	0.06	0.25	0.09	0.14	0.27	0.17	0.24	0.5
448	0.22	0.11	0.15	0.13	0.06	0.25	0.09	0.14	0.33	0.17	0.24	0.5
449	0.22	0.11	0.15	0.13	0.19	0.25	0.09	0.14	0.4	0.17	0.24	0.5
450	0.24	0.17	0.17	0.15	0.19	0.35	0.09	0.14	0.27	0.17	0.24	0.5
451	0.22	0.11	0.15	0.13	0.19	0.26	0.09	0.14	0.27	0.17	0.24	0.5
452	0.23	0.13	0.18	0.16	0.19	0.33	0.1	0.21	0.4	0.17	0.24	0.5
453	0.22	0.11	0.15	0.13	0.19	0.25	0.09	0.14	0.27	0.17	0.24	0.5
454	0.22	0.11	0.15	0.13	0.19	0.25	0.09	0.14	0.27	0.17	0.24	0.5
455	0.22	0.11	0.15	0.13	0.06	0.25	0.09	0.14	0.4	0.17	0.24	0.5
456	0.22	0.11	0.15	0.13	0.06	0.25	0.09	0.14	0.27	0.17	0.24	0.5
457	0.22	0.11	0.15	0.13	0.06	0.25	0.09	0.14	0.4	0.17	0.24	0.5
458	0.22	0.11	0.15	0.13	0.06	0.25	0.09	0.14	0.27	0.17	0.24	0.5
459	0.22	0.11	0.15	0.13	0.06	0.25	0.09	0.14	0.27	0.17	0.24	0.5
460	0.22	0.11	0.15	0.13	0.06	0.25	0.09	0.14	0.27	0.17	0.24	0.5
461	0.22	0.11	0.15	0.13	0.06	0.25	0.09	0.14	0.27	0.17	0.24	0.5
462	0.22	0.11	0.15	0.13	0.06	0.25	0.09	0.14	0.27	0.17	0.24	0.5
463	0.22	0.11	0.15	0.13	0.06	0.25	0.09	0.14	0.27	0.17	0.24	0.5
464	0.22	0.11	0.15	0.13	0.06	0.25	0.09	0.14	0.27	0.17	0.24	0.5
465	0.22	0.11	0.15	0.13	0.06	0.25	0.09	0.14	0.27	0.17	0.24	0.5
466	0.22	0.11	0.15	0.13	0.06	0.25	0.09	0.14	0.27	0.17	0.24	0.5
467	0.22	0.11	0.15	0.13	0.06	0.25	0.09	0.14	0.27	0.17	0.24	0.5
468	0.22	0.11	0.15	0.13	0.06	0.25	0.09	0.14	0.27	0.17	0.24	0.5
469	0.22	0.11	0.15	0.13	0.06	0.25	0.09	0.14	0.27	0.17	0.24	0.5
470	0.22	0.11	0.15	0.13	0.06	0.25	0.09	0.14	0.27	0.17	0.24	0.5
471	0.22	0.11	0.15	0.13	0.06	0.25	0.09	0.14	0.27	0.17	0.24	0.5
472	0.22	0.11	0.15	0.13	0.06	0.25	0.09	0.14	0.27	0.17	0.24	0.5
473	0.22	0.11	0.15	0.13	0.12	0.25	0.09	0.14	0.27	0.17	0.24	0.5
474	0.22	0.11	0.15	0.13	0.12	0.25	0.09	0.14	0.27	0.17	0.24	0.5
475	0.22	0.11	0.15	0.13	0.12	0.25	0.09	0.14	0.27	0.17	0.24	0.5
476	0.22	0.11	0.15	0.13	0.06	0.25	0.09	0.14	0.4	0.17	0.24	0.5
477	0.22	0.11	0.15	0.13	0.06	0.25	0.09	0.14	0.27	0.17	0.24	0.5
478	0.22	0.11	0.15	0.13	0.06	0.25	0.09	0.14	0.27	0.17	0.24	0.5
480	0.22	0.11	0.15	0.13	0.06	0.25	0.09	0.14	0.27	0.17	0.24	0.5
481	0.22	0.11	0.15	0.13	0.06	0.25	0.09	0.14	0.27	0.17	0.24	0.5
482	0.22	0.11	0.15	0.13	0.06	0.25	0.09	0.14	0.4	0.17	0.24	0.5
484	0.22	0.11	0.15	0.13	0.06	0.25	0.09	0.14	0.4	0.17	0.24	0.5
485	0.22	0.11	0.15	0.13	0.06	0.25	0.09	0.14	0.4	0.17	0.24	0.5
486	0.22	0.11	0.15	0.13	0.06	0.25	0.09	0.14	0.27	0.17	0.24	0.5
487	0.01	0.01	0.0	0.13	0.19	0.25	0.09	0.14	0.13	0.03	0.24	0.5
488	0.01	0.01	0.0	0.13	0.19	0.25	0.09	0.14	0.13	0.03	0.24	0.5
489	0.22	0.11	0.15	0.13	0.19	0.25	0.09	0.14	0.27	0.17	0.24	0.5
490	0.22	0.11	0.15	0.13	0.19	0.25	0.09	0.14	0.27	0.17	0.24	0.5
491	0.22	0.11	0.15	0.13	0.19	0.25	0.09	0.14	0.27	0.17	0.24	0.5
492	0.22	0.11	0.15	0.13	0.19	0.25	0.09	0.14	0.27	0.17	0.24	0.5
493	0.22	0.11	0.15	0.13	0.19	0.25	0.09	0.14	0.27	0.17	0.24	0.5
494	0.22	0.11	0.15	0.13	0.19	0.25	0.09	0.14	0.27	0.17	0.24	0.5
495	0.22	0.11	0.0	0.13	0.19	0.25	0.09	0.14	0.27	0.17	0.24	0.5
496	0.22	0.11	0.15	0.13	0.06	0.25	0.09	0.14	0.4	0.17	0.24	0.5
497	0.22	0.11	0.15	0.13	0.06	0.25	0.09	0.14	0.33	0.17	0.24	0.5
498	0.22	0.11	0.15	0.13	0.06	0.25	0.09	0.14	0.27	0.17	0.24	0.5
499	0.22	0.11	0.15	0.13	0.12	0.25	0.09	0.14	0.27	0.17	0.24	0.5
500	0.22	0.11	0.15	0.13	0.12	0.25	0.09	0.14	0.27	0.17	0.24	0.5
501	0.22	0.11	0.0	0.13	0.12	0.25	0.09	0.14	0.27	0.17	0.24	0.5
502	0.22	0.11	0.0	0.13	0.06	0.25	0.09	0.14	0.07	0.17	0.24	0.5
503	0.22	0.11	0.0	0.13	0.06	0.25	0.09	0.14	0.07	0.17	0.24	0.5
504	0.22	0.11	0.0	0.13	0.06	0.25	0.09	0.14	0.13	0.17	0.24	0.5
505	0.22	0.11	0.15	0.13	0.06	0.25	0.09	0.14	0.4	0.17	0.24	0.5
506	0.22	0.11	0.0	0.13	0.06	0.25	0.09	0.14	0.4	0.17	0.24	0.5
507	0.22	0.11	0.0	0.13	0.06	0.25	0.09	0.14	0.4	0.17	0.24	0.5
508	0.22	0.11	0.15	0.13	0.06	0.25	0.09	0.14	0.27	0.17	0.24	0.5
509	0.22	0.11	0.0	0.13	0.06	0.25	0.09	0.14	0.07	0.17	0.24	0.5
510	0.22	0.11	0.0	0.13	0.06	0.25	0.09	0.14	0.07	0.17	0.24	0.5
511	0.22	0.11	0.0	0.13	0.06	0.25	0.09	0.14	0.07	0.17	0.24	0.5
512	0.22	0.11	0.0	0.13	0.06	0.25	0.09	0.14	0.07	0.17	0.24	0.5
513	0.22	0.11	0.0	0.13	0.06	0.25	0.09	0.14	0.07	0.17	0.24	0.5
514	0.22	0.11	0.0	0.13	0.06	0.25	0.09	0.14	0.07	0.17	0.24	0.5
515	0.22	0.11	0.0	0.13	0.06	0.25	0.09	0.14	0.07	0.17	0.24	0.5
516	0.22	0.11	0.0	0.13	0.06	0.25	0.09	0.14	0.07	0.17	0.24	0.5
517	0.22	0.11	0.15	0.13	0.06	0.25	0.09	0.14	0.27	0.17	0.24	0.5
518	0.22	0.11	0.15	0.13	0.06	0.25	0.09	0.14	0.27	0.17	0.24	0.5
519	0.22	0.11	0.15	0.13	0.06	0.25	0.09	0.14	0.33	0.17	0.24	0.5
520	0.22	0.11	0.0	0.13	0.06	0.25	0.09	0.14	0.33	0.17	0.24	0.5
521	0.22	0.11	0.0	0.13	0.06	0.25	0.09	0.14	0.07	0.17	0.24	0.5
522	0.22	0.11	0.15	0.13	0.06	0.25	0.09	0.14	0.4	0.17	0.24	0.5
523	0.22	0.11	0.15	0.13	0.06	0.25	0.09	0.14	0.27	0.17	0.26	0.5
524	0.22	0.11	0.15	0.13	0.06	0.25	0.09	0.14	0.27	0.17	0.24	0.5
525	0.22	0.11	0.15	0.13	0.06	0.25	0.09	0.14	0.27	0.17	0.24	0.5
526	0.22	0.11	0.15	0.13	0.06	0.25	0.09	0.14	0.27	0.17	0.24	0.5
527	0.22	0.11	0.15	0.13	0.06	0.25	0.09	0.14	0.27	0.17	0.24	0.5
528	0.22	0.11	0.0	0.13	0.06	0.25	0.09	0.14	0.07	0.17	0.24	0.5
529	0.22	0.11	0.15	0.13	0.06	0.25	0.09	0.14	0.27	0.17	0.24	0.5
530	0.22	0.11	0.15	0.13	0.06	0.25	0.09	0.14	0.27	0.17	0.24	0.5
531	0.22	0.11	0.0	0.13	0.06	0.25	0.09	0.14	0.27	0.17	0.24	0.5
532	0.22	0.11	0.0	0.13	0.06	0.25	0.09	0.14	0.07	0.17	0.24	0.5
533	0.22	0.11	0.15	0.13	0.06	0.25	0.09	0.14	0.33	0.17	0.24	0.5
534	0.22	0.11	0.15	0.13	0.06	0.25	0.09	0.14	0.27	0.17	0.24	0.5
535	0.22	0.11	0.15	0.13	0.06	0.25	0.09	0.14	0.27	0.17	0.24	0.5
536	0.22	0.11	0.0	0.13	0.06	0.25	0.09	0.14	0.27	0.17	0.24	0.5
537	0.22	0.11	0.0	0.13	0.06	0.25	0.09	0.14	0.27	0.17	0.24	0.5
538	0.22	0.11	0.0	0.13	0.06	0.25	0.09	0.14	0.13	0.17	0.24	0.5
539	0.22	0.11	0.15	0.13	0.06	0.25	0.09	0.14	0.27	0.17	0.24	0.5
540	0.23	0.22	0.2	0.14	0.06	0.26	0.09	0.14	0.4	0.17	0.28	0.5
541	0.22	0.11	0.15	0.13	0.06	0.25	0.09	0.14	0.27	0.17	0.24	0.5
542	0.22	0.11	0.15	0.13	0.06	0.25	0.09	0.14	0.27	0.17	0.24	0.5
543	0.22	0.11	0.0	0.13	0.06	0.25	0.09	0.14	0.27	0.17	0.24	0.5
544	0.22	0.11	0.0	0.13	0.06	0.25	0.09	0.14	0.27	0.17	0.24	0.5
545	0.22	0.11	0.0	0.13	0.06	0.25	0.09	0.14	0.27	0.17	0.24	0.5
546	0.22	0.11	0.0	0.13	0.06	0.25	0.09	0.14	0.27	0.17	0.24	0.5
547	0.22	0.11	0.15	0.13	0.06	0.25	0.09	0.14	0.27	0.17	0.24	0.5
548	0.22	0.11	0.15	0.13	0.06	0.25	0.09	0.14	0.27	0.17	0.24	0.5
549	0.22	0.11	0.0	0.13	0.06	0.25	0.09	0.14	0.27	0.17	0.24	0.5
550	0.22	0.11	0.0	0.13	0.06	0.25	0.09	0.14	0.27	0.17	0.24	0.5
551	0.22	0.11	0.0	0.13	0.06	0.25	0.09	0.14	0.27	0.17	0.24	0.5
552	0.22	0.11	0.0	0.13	0.06	0.25	0.09	0.14	0.27	0.17	0.24	0.5
553	0.22	0.11	0.0	0.13	0.06	0.25	0.09	0.14	0.07	0.17	0.24	0.5
554	0.22	0.11	0.0	0.13	0.06	0.25	0.09	0.14	0.07	0.17	0.24	0.5
555	0.22	0.11	0.15	0.13	0.06	0.25	0.09	0.14	0.27	0.17	0.24	0.5
556	0.22	0.11	0.0	0.13	0.06	0.25	0.09	0.14	0.27	0.17	0.24	0.5
557	0.22	0.11	0.15	0.13	0.06	0.25	0.09	0.14	0.27	0.17	0.24	0.5
558	0.22	0.11	0.0	0.13	0.06	0.25	0.09	0.14	0.13	0.17	0.24	0.5
559	0.22	0.11	0.15	0.13	0.06	0.25	0.09	0.14	0.27	0.17	0.24	0.5
560	0.22	0.11	0.0	0.13	0.06	0.25	0.09	0.14	0.27	0.17	0.24	0.5
561	0.24	0.17	0.18	0.15	0.19	0.31	0.09	0.14	0.27	0.2	0.24	0.5
562	0.24	0.17	0.0	0.15	0.06	0.31	0.09	0.14	0.13	0.2	0.24	0.5
563	0.24	0.17	0.0	0.15	0.06	0.31	0.09	0.14	0.13	0.2	0.24	0.5
564	0.22	0.11	0.15	0.13	0.06	0.25	0.09	0.14	0.4	0.17	0.24	0.5
565	0.22	0.11	0.0	0.13	0.06	0.25	0.09	0.14	0.4	0.17	0.24	0.5
566	0.22	0.11	0.0	0.13	0.06	0.25	0.09	0.14	0.13	0.17	0.24	0.5
567	0.22	0.11	0.0	0.13	0.06	0.25	0.09	0.14	0.07	0.17	0.24	0.5
568	0.22	0.11	0.0	0.13	0.06	0.25	0.09	0.14	0.13	0.17	0.24	0.5
569	0.22	0.11	0.15	0.13	0.06	0.25	0.09	0.14	0.27	0.17	0.24	0.5
570	0.22	0.11	0.15	0.13	0.06	0.25	0.09	0.14	0.27	0.17	0.24	0.5
571	0.22	0.11	0.0	0.13	0.06	0.25	0.09	0.14	0.27	0.17	0.24	0.5
572	0.22	0.11	0.15	0.13	0.06	0.25	0.09	0.14	0.27	0.17	0.24	0.5
573	0.22	0.11	0.15	0.13	0.06	0.25	0.09	0.14	0.4	0.17	0.24	0.5
574	0.22	0.11	0.15	0.13	0.06	0.25	0.09	0.14	0.27	0.17	0.24	0.5
575	0.22	0.11	0.15	0.13	0.06	0.25	0.09	0.14	0.27	0.17	0.24	0.5
576	0.22	0.11	0.15	0.13	0.06	0.25	0.09	0.14	0.4	0.17	0.24	0.5
577	0.22	0.11	0.0	0.13	0.06	0.25	0.09	0.14	0.4	0.17	0.24	0.5
578	0.22	0.11	0.15	0.13	0.12	0.25	0.09	0.14	0.27	0.17	0.24	0.5
579	0.22	0.11	0.0	0.13	0.12	0.25	0.09	0.14	0.27	0.17	0.24	0.5
580	0.22	0.11	0.0	0.13	0.06	0.25	0.09	0.14	0.13	0.17	0.24	0.5
581	0.22	0.11	0.0	0.13	0.06	0.25	0.09	0.14	0.13	0.17	0.24	0.5
582	0.22	0.11	0.15	0.13	0.06	0.25	0.09	0.14	0.27	0.17	0.24	0.5
583	0.22	0.11	0.15	0.13	0.06	0.25	0.09	0.14	0.27	0.17	0.24	0.5
584	0.22	0.11	0.15	0.13	0.06	0.25	0.09	0.14	0.27	0.17	0.24	0.5
585	0.22	0.11	0.16	0.14	0.06	0.25	0.09	0.14	0.27	0.17	0.24	0.5
586	0.22	0.11	0.15	0.13	0.06	0.25	0.09	0.14	0.27	0.17	0.24	0.5
587	0.22	0.11	0.0	0.13	0.06	0.25	0.09	0.14	0.27	0.17	0.24	0.5
588	0.22	0.11	0.0	0.13	0.06	0.25	0.09	0.14	0.27	0.17	0.24	0.5
589	0.22	0.11	0.0	0.13	0.06	0.25	0.09	0.14	0.27	0.17	0.24	0.5
590	0.22	0.11	0.15	0.13	0.06	0.25	0.09	0.14	0.27	0.17	0.24	0.5
591	0.22	0.11	0.15	0.13	0.06	0.25	0.09	0.14	0.27	0.17	0.24	0.5
592	0.22	0.11	0.0	0.13	0.06	0.25	0.09	0.14	0.27	0.17	0.24	0.5
593	0.22	0.11	0.0	0.13	0.06	0.25	0.09	0.14	0.27	0.17	0.24	0.5
594	0.22	0.11	0.15	0.13	0.06	0.25	0.09	0.14	0.27	0.17	0.24	0.5
595	0.22	0.11	0.15	0.13	0.06	0.25	0.09	0.14	0.27	0.17	0.24	0.5
596	0.22	0.11	0.0	0.13	0.06	0.25	0.09	0.14	0.27	0.17	0.24	0.5
597	0.22	0.11	0.0	0.13	0.06	0.25	0.09	0.14	0.27	0.17	0.24	0.5
598	0.22	0.11	0.15	0.13	0.06	0.25	0.09	0.14	0.27	0.17	0.24	0.5
600	0.22	0.11	0.0	0.13	0.06	0.25	0.09	0.14	0.27	0.17	0.24	0.5
601	0.22	0.11	0.0	0.13	0.06	0.25	0.09	0.14	0.07	0.17	0.24	0.5
602	0.22	0.11	0.0	0.13	0.06	0.25	0.09	0.14	0.07	0.17	0.24	0.5
603	0.22	0.11	0.0	0.13	0.06	0.25	0.09	0.14	0.07	0.17	0.24	0.5
604	0.22	0.11	0.0	0.13	0.06	0.25	0.09	0.14	0.07	0.17	0.24	0.5
606	0.24	0.15	0.17	0.15	0.06	0.27	0.1	0.14	0.27	0.17	0.24	0.5
607	0.24	0.15	0.0	0.15	0.06	0.27	0.1	0.14	0.13	0.17	0.24	0.5
608	0.24	0.15	0.0	0.15	0.06	0.27	0.1	0.14	0.13	0.17	0.24	0.5
609	0.22	0.11	0.15	0.13	0.06	0.25	0.09	0.14	0.27	0.17	0.24	0.5
610	0.22	0.11	0.15	0.13	0.06	0.25	0.09	0.14	0.27	0.17	0.24	0.5
611	0.23	0.11	0.16	0.13	0.06	0.27	0.09	0.14	0.27	0.17	0.24	0.5
612	0.23	0.11	0.15	0.13	0.25	0.25	0.09	0.29	0.47	0.17	0.24	0.5
613	0.22	0.13	0.15	0.13	0.25	0.25	0.09	0.14	0.27	0.17	0.24	0.5
614	0.22	0.13	0.0	0.13	0.25	0.25	0.09	0.14	0.27	0.17	0.24	0.5
615	0.22	0.11	0.15	0.13	0.25	0.25	0.09	0.14	0.27	0.17	0.24	0.5
616	0.22	0.11	0.15	0.13	0.06	0.25	0.09	0.14	0.33	0.17	0.24	0.5
617	0.22	0.11	0.0	0.13	0.06	0.25	0.09	0.14	0.33	0.17	0.24	0.5
618	0.22	0.11	0.0	0.13	0.06	0.25	0.09	0.14	0.33	0.17	0.24	0.5
619	0.22	0.11	0.0	0.13	0.06	0.25	0.09	0.14	0.33	0.17	0.24	0.5
620	0.22	0.11	0.0	0.13	0.06	0.25	0.09	0.14	0.13	0.17	0.24	0.5
621	0.22	0.11	0.15	0.13	0.06	0.25	0.09	0.14	0.27	0.17	0.24	0.5
622	0.22	0.11	0.15	0.13	0.06	0.25	0.09	0.14	0.4	0.17	0.24	0.5
623	0.27	0.21	0.24	0.18	0.06	0.32	0.09	0.21	0.27	0.17	0.26	0.5
624	0.27	0.21	0.0	0.18	0.06	0.32	0.09	0.21	0.07	0.17	0.26	0.5
625	0.27	0.21	0.0	0.18	0.06	0.32	0.09	0.21	0.07	0.17	0.26	0.5
626	0.27	0.21	0.0	0.18	0.06	0.32	0.09	0.21	0.07	0.17	0.26	0.5
627	0.27	0.21	0.0	0.18	0.06	0.32	0.09	0.21	0.07	0.17	0.26	0.5
628	0.27	0.21	0.0	0.18	0.06	0.32	0.09	0.21	0.07	0.17	0.26	0.5
629	0.27	0.21	0.0	0.18	0.06	0.32	0.09	0.21	0.07	0.17	0.26	0.5
630	0.27	0.21	0.0	0.18	0.06	0.32	0.09	0.21	0.07	0.17	0.26	0.5
631	0.27	0.21	0.0	0.18	0.06	0.32	0.09	0.21	0.07	0.17	0.26	0.5
632	0.22	0.11	0.15	0.13	0.12	0.25	0.09	0.14	0.27	0.17	0.24	0.5
633	0.22	0.11	0.15	0.13	0.12	0.25	0.09	0.14	0.27	0.17	0.24	0.5
634	0.22	0.11	0.0	0.13	0.12	0.25	0.09	0.14	0.27	0.17	0.24	0.5
635	0.22	0.11	0.0	0.13	0.12	0.25	0.09	0.14	0.27	0.17	0.24	0.5
636	0.22	0.11	0.0	0.13	0.12	0.25	0.09	0.14	0.27	0.17	0.24	0.5
637	0.22	0.11	0.0	0.13	0.12	0.25	0.09	0.14	0.27	0.17	0.24	0.5
638	0.22	0.11	0.0	0.13	0.12	0.25	0.09	0.14	0.27	0.17	0.24	0.5
639	0.22	0.11	0.0	0.13	0.06	0.25	0.09	0.14	0.07	0.17	0.24	0.5
640	0.22	0.11	0.0	0.13	0.06	0.25	0.09	0.14	0.07	0.17	0.24	0.5
641	0.22	0.11	0.0	0.13	0.06	0.25	0.09	0.14	0.07	0.17	0.24	0.5
642	0.22	0.11	0.15	0.13	0.06	0.25	0.09	0.14	0.27	0.17	0.24	0.5
643	0.22	0.11	0.0	0.13	0.06	0.25	0.09	0.14	0.27	0.17	0.24	0.5
644	0.22	0.11	0.0	0.13	0.06	0.25	0.09	0.14	0.27	0.17	0.24	0.5
645	0.22	0.11	0.0	0.13	0.06	0.25	0.09	0.14	0.07	0.17	0.24	0.5
646	0.22	0.11	0.0	0.13	0.06	0.25	0.09	0.14	0.07	0.17	0.24	0.5
647	0.22	0.11	0.15	0.13	0.06	0.25	0.09	0.14	0.27	0.17	0.24	0.5
648	0.22	0.11	0.0	0.13	0.06	0.25	0.09	0.14	0.27	0.17	0.24	0.5
649	0.22	0.11	0.15	0.13	0.06	0.25	0.09	0.14	0.33	0.17	0.24	0.5
650	0.22	0.11	0.15	0.13	0.06	0.25	0.09	0.14	0.27	0.17	0.24	0.5
651	0.22	0.11	0.0	0.13	0.06	0.25	0.09	0.14	0.13	0.17	0.24	0.5
652	0.22	0.11	0.0	0.13	0.06	0.25	0.09	0.14	0.13	0.17	0.24	0.5
653	0.22	0.11	0.0	0.13	0.06	0.25	0.09	0.14	0.13	0.17	0.24	0.5
654	0.22	0.11	0.0	0.13	0.06	0.25	0.09	0.14	0.13	0.17	0.24	0.5
655	0.22	0.11	0.0	0.13	0.06	0.25	0.09	0.14	0.13	0.17	0.24	0.5
656	0.22	0.11	0.0	0.13	0.06	0.25	0.09	0.14	0.07	0.17	0.24	0.5
657	0.22	0.11	0.15	0.13	0.06	0.25	0.09	0.14	0.27	0.17	0.24	0.5
658	0.22	0.11	0.15	0.13	0.06	0.25	0.09	0.14	0.33	0.17	0.24	0.5
659	0.22	0.11	0.0	0.13	0.06	0.25	0.09	0.14	0.33	0.17	0.24	0.5
660	0.22	0.11	0.15	0.13	0.06	0.25	0.09	0.14	0.27	0.17	0.24	0.5
661	0.22	0.11	0.15	0.13	0.06	0.25	0.09	0.14	0.27	0.17	0.24	0.5
662	0.22	0.11	0.0	0.13	0.06	0.25	0.09	0.14	0.13	0.17	0.24	0.5
663	0.22	0.11	0.0	0.13	0.06	0.25	0.09	0.14	0.13	0.17	0.24	0.5
664	0.22	0.11	0.0	0.13	0.06	0.25	0.09	0.14	0.07	0.17	0.24	0.5
665	0.22	0.11	0.0	0.13	0.06	0.25	0.09	0.14	0.07	0.17	0.24	0.5
667	0.22	0.11	0.0	0.13	0.06	0.25	0.09	0.14	0.07	0.17	0.24	0.5
668	0.22	0.11	0.0	0.13	0.06	0.25	0.09	0.14	0.13	0.17	0.24	0.5
669	0.22	0.11	0.0	0.13	0.06	0.25	0.09	0.14	0.13	0.17	0.24	0.5
670	0.22	0.11	0.15	0.13	0.06	0.25	0.09	0.14	0.27	0.17	0.24	0.5
671	0.22	0.11	0.15	0.13	0.06	0.25	0.09	0.14	0.27	0.17	0.24	0.5
672	0.22	0.11	0.15	0.13	0.06	0.25	0.09	0.14	0.27	0.17	0.24	0.5
673	0.22	0.11	0.15	0.13	0.06	0.25	0.09	0.14	0.4	0.17	0.24	0.5
674	0.22	0.11	0.15	0.13	0.06	0.25	0.09	0.14	0.27	0.17	0.24	0.5
675	0.22	0.11	0.15	0.13	0.06	0.25	0.09	0.14	0.27	0.17	0.24	0.5
676	0.22	0.11	0.0	0.13	0.06	0.25	0.09	0.14	0.07	0.17	0.24	0.5
677	0.22	0.11	0.0	0.13	0.06	0.25	0.09	0.14	0.07	0.17	0.24	0.5
678	0.22	0.11	0.0	0.13	0.06	0.25	0.09	0.14	0.13	0.17	0.24	0.5
679	0.22	0.11	0.0	0.13	0.06	0.25	0.09	0.14	0.13	0.17	0.24	0.5
680	0.22	0.11	0.0	0.13	0.06	0.25	0.09	0.14	0.13	0.17	0.24	0.5
682	0.22	0.11	0.0	0.13	0.06	0.25	0.09	0.14	0.07	0.17	0.24	0.5
683	0.22	0.11	0.0	0.13	0.06	0.25	0.09	0.14	0.13	0.17	0.24	0.5
684	0.22	0.11	0.0	0.13	0.06	0.25	0.09	0.14	0.13	0.17	0.24	0.5
685	0.22	0.11	0.15	0.13	0.06	0.25	0.09	0.14	0.27	0.17	0.24	0.5
686	0.22	0.11	0.0	0.13	0.06	0.25	0.09	0.14	0.07	0.17	0.24	0.5
687	0.22	0.11	0.0	0.13	0.06	0.25	0.09	0.14	0.07	0.17	0.24	0.5
688	0.22	0.11	0.0	0.13	0.06	0.25	0.09	0.14	0.13	0.17	0.24	0.5
690	0.22	0.11	0.0	0.13	0.06	0.25	0.09	0.14	0.13	0.17	0.24	0.5
691	0.22	0.11	0.0	0.13	0.06	0.25	0.09	0.14	0.13	0.17	0.24	0.5
693	0.22	0.11	0.0	0.13	0.06	0.25	0.09	0.14	0.07	0.17	0.24	0.5
694	0.22	0.11	0.0	0.13	0.06	0.25	0.09	0.14	0.13	0.17	0.24	0.5
695	0.22	0.11	0.0	0.13	0.06	0.25	0.09	0.14	0.13	0.17	0.24	0.5
696	0.22	0.11	0.15	0.13	0.06	0.25	0.09	0.14	0.27	0.17	0.24	0.5
697	0.22	0.11	0.15	0.13	0.06	0.25	0.09	0.14	0.33	0.17	0.24	0.5
698	0.22	0.11	0.15	0.13	0.06	0.25	0.09	0.14	0.27	0.17	0.24	0.5
699	0.22	0.11	0.15	0.13	0.06	0.25	0.09	0.14	0.27	0.17	0.24	0.5
700	0.22	0.11	0.0	0.13	0.06	0.25	0.09	0.14	0.27	0.17	0.24	0.5
701	0.22	0.11	0.15	0.13	0.06	0.25	0.09	0.14	0.27	0.17	0.24	0.5
702	0.22	0.11	0.15	0.13	0.06	0.25	0.09	0.14	0.27	0.17	0.24	0.5
703	0.22	0.11	0.15	0.13	0.06	0.25	0.09	0.14	0.27	0.17	0.24	0.5
704	0.24	0.12	0.2	0.13	0.06	0.28	0.17	0.21	0.33	0.17	0.26	0.5
705	0.22	0.11	0.15	0.13	0.06	0.25	0.09	0.14	0.27	0.17	0.24	0.5
706	0.22	0.11	0.15	0.13	0.06	0.28	0.09	0.14	0.27	0.17	0.24	0.5
707	0.22	0.11	0.15	0.13	0.06	0.25	0.09	0.14	0.33	0.17	0.24	0.5
708	0.22	0.11	0.15	0.13	0.06	0.25	0.09	0.14	0.27	0.17	0.24	0.5
709	0.22	0.11	0.15	0.13	0.06	0.25	0.09	0.14	0.33	0.17	0.24	0.5
710	0.22	0.11	0.15	0.13	0.06	0.25	0.09	0.14	0.27	0.17	0.24	0.5
711	0.22	0.11	0.15	0.13	0.06	0.25	0.09	0.14	0.33	0.17	0.24	0.5
712	0.22	0.11	0.15	0.13	0.06	0.25	0.09	0.14	0.27	0.17	0.24	0.5
713	0.22	0.11	0.0	0.13	0.06	0.25	0.09	0.14	0.27	0.17	0.24	0.5
714	0.22	0.11	0.15	0.13	0.06	0.25	0.09	0.14	0.27	0.17	0.24	0.5
715	0.22	0.11	0.15	0.13	0.06	0.25	0.09	0.14	0.27	0.17	0.24	0.5
716	0.22	0.11	0.0	0.13	0.06	0.25	0.09	0.14	0.27	0.17	0.24	0.5
717	0.22	0.11	0.15	0.13	0.06	0.25	0.09	0.14	0.27	0.17	0.24	0.5
718	0.22	0.11	0.15	0.13	0.06	0.25	0.09	0.14	0.27	0.17	0.24	0.5
719	0.22	0.11	0.0	0.13	0.06	0.25	0.09	0.14	0.27	0.17	0.24	0.5
720	0.22	0.11	0.0	0.13	0.06	0.25	0.09	0.14	0.13	0.17	0.24	0.5
721	0.22	0.11	0.0	0.13	0.06	0.25	0.09	0.14	0.13	0.17	0.24	0.5
722	0.22	0.11	0.0	0.13	0.06	0.25	0.09	0.14	0.13	0.17	0.24	0.5
723	0.22	0.11	0.15	0.13	0.06	0.25	0.09	0.14	0.4	0.17	0.24	0.5
724	0.22	0.11	0.0	0.13	0.06	0.25	0.09	0.14	0.13	0.17	0.24	0.5
725	0.22	0.11	0.0	0.13	0.06	0.25	0.09	0.14	0.13	0.17	0.24	0.5
726	0.22	0.11	0.0	0.13	0.06	0.25	0.09	0.14	0.13	0.17	0.24	0.5
727	0.22	0.11	0.0	0.13	0.06	0.25	0.09	0.14	0.13	0.17	0.24	0.5
728	0.22	0.11	0.0	0.13	0.06	0.25	0.09	0.14	0.13	0.17	0.24	0.5
729	0.22	0.11	0.0	0.13	0.06	0.25	0.09	0.14	0.13	0.17	0.24	0.5
730	0.22	0.11	0.0	0.13	0.06	0.25	0.09	0.14	0.13	0.17	0.24	0.5
731	0.22	0.11	0.0	0.13	0.06	0.25	0.09	0.14	0.13	0.17	0.24	0.5
732	0.22	0.11	0.0	0.13	0.06	0.25	0.09	0.14	0.13	0.17	0.24	0.5
733	0.22	0.11	0.0	0.13	0.06	0.25	0.09	0.14	0.13	0.17	0.24	0.5
734	0.22	0.11	0.0	0.13	0.06	0.25	0.09	0.14	0.13	0.17	0.24	0.5
735	0.22	0.11	0.0	0.13	0.06	0.25	0.09	0.14	0.13	0.17	0.24	0.5
736	0.22	0.11	0.0	0.13	0.06	0.25	0.09	0.14	0.13	0.17	0.24	0.5
737	0.22	0.11	0.0	0.13	0.06	0.25	0.09	0.14	0.13	0.17	0.24	0.5
738	0.22	0.11	0.0	0.13	0.06	0.25	0.09	0.14	0.13	0.17	0.24	0.5
739	0.22	0.11	0.0	0.13	0.06	0.25	0.09	0.14	0.13	0.17	0.24	0.5
740	0.22	0.11	0.15	0.13	0.06	0.25	0.09	0.14	0.4	0.17	0.24	0.5
741	0.22	0.11	0.15	0.13	0.06	0.25	0.09	0.14	0.27	0.17	0.24	0.5
742	0.22	0.11	0.15	0.13	0.06	0.25	0.09	0.14	0.4	0.17	0.24	0.5
743	0.22	0.11	0.0	0.13	0.06	0.25	0.09	0.14	0.13	0.17	0.24	0.5
744	0.22	0.11	0.0	0.13	0.06	0.25	0.09	0.14	0.13	0.17	0.24	0.5
745	0.22	0.11	0.0	0.13	0.06	0.25	0.09	0.14	0.13	0.17	0.24	0.5
746	0.22	0.11	0.0	0.13	0.06	0.25	0.09	0.14	0.13	0.17	0.24	0.5
747	0.22	0.11	0.15	0.13	0.06	0.25	0.09	0.14	0.4	0.17	0.24	0.5
748	0.22	0.11	0.0	0.13	0.06	0.25	0.09	0.14	0.07	0.17	0.24	0.5
749	0.22	0.11	0.15	0.13	0.06	0.25	0.09	0.14	0.4	0.17	0.24	0.5
750	0.22	0.11	0.15	0.13	0.06	0.25	0.09	0.14	0.4	0.17	0.24	0.5
751	0.22	0.11	0.0	0.13	0.06	0.25	0.09	0.14	0.13	0.17	0.24	0.5
752	0.22	0.11	0.0	0.13	0.06	0.25	0.09	0.14	0.13	0.17	0.24	0.5
753	0.22	0.11	0.0	0.13	0.06	0.25	0.09	0.14	0.13	0.17	0.24	0.5
754	0.22	0.11	0.15	0.13	0.06	0.25	0.09	0.14	0.4	0.17	0.24	0.5
755	0.22	0.11	0.0	0.13	0.06	0.25	0.09	0.14	0.13	0.17	0.24	0.5
756	0.22	0.11	0.0	0.13	0.06	0.25	0.09	0.14	0.13	0.17	0.24	0.5
757	0.22	0.11	0.0	0.13	0.06	0.25	0.09	0.14	0.13	0.17	0.24	0.5
758	0.22	0.11	0.15	0.13	0.06	0.25	0.09	0.14	0.27	0.17	0.24	0.5
759	0.22	0.11	0.15	0.13	0.06	0.25	0.09	0.14	0.27	0.17	0.24	0.5
762	0.22	0.11	0.0	0.13	0.06	0.25	0.09	0.14	0.13	0.17	0.24	0.5
763	0.22	0.11	0.0	0.13	0.06	0.25	0.09	0.14	0.13	0.17	0.24	0.5
764	0.22	0.11	0.0	0.13	0.06	0.25	0.09	0.14	0.13	0.17	0.24	0.5
765	0.22	0.11	0.0	0.13	0.06	0.25	0.09	0.14	0.07	0.17	0.24	0.5
766	0.22	0.11	0.0	0.13	0.06	0.25	0.09	0.14	0.13	0.17	0.24	0.5
767	0.22	0.11	0.0	0.13	0.06	0.25	0.09	0.14	0.13	0.17	0.24	0.5
768	0.22	0.11	0.0	0.13	0.06	0.25	0.09	0.14	0.07	0.17	0.24	0.5
769	0.22	0.11	0.0	0.13	0.06	0.25	0.09	0.14	0.13	0.17	0.24	0.5
770	0.22	0.11	0.0	0.13	0.06	0.25	0.09	0.14	0.13	0.17	0.24	0.5
771	0.22	0.11	0.0	0.13	0.06	0.25	0.09	0.14	0.13	0.17	0.24	0.5
772	0.22	0.11	0.0	0.13	0.06	0.25	0.09	0.14	0.13	0.17	0.24	0.5
773	0.22	0.11	0.0	0.13	0.06	0.25	0.09	0.14	0.07	0.17	0.24	0.5
774	0.22	0.11	0.0	0.13	0.06	0.25	0.09	0.14	0.07	0.17	0.24	0.5
775	0.22	0.11	0.0	0.13	0.06	0.25	0.09	0.14	0.13	0.17	0.24	0.5
776	0.22	0.11	0.0	0.13	0.06	0.25	0.09	0.14	0.13	0.17	0.24	0.5
777	0.22	0.11	0.0	0.13	0.06	0.25	0.09	0.14	0.13	0.17	0.24	0.5
778	0.22	0.11	0.0	0.13	0.06	0.25	0.09	0.14	0.13	0.17	0.24	0.5
780	0.22	0.11	0.0	0.13	0.06	0.25	0.09	0.14	0.13	0.17	0.24	0.5
781	0.22	0.11	0.0	0.13	0.06	0.25	0.09	0.14	0.13	0.17	0.24	0.5
782	0.22	0.11	0.0	0.13	0.06	0.25	0.09	0.14	0.13	0.17	0.24	0.5
783	0.22	0.11	0.0	0.13	0.06	0.25	0.09	0.14	0.13	0.17	0.24	0.5
784	0.22	0.11	0.0	0.13	0.06	0.25	0.09	0.14	0.13	0.17	0.24	0.5
785	0.22	0.11	0.0	0.13	0.06	0.25	0.09	0.14	0.13	0.17	0.24	0.5
786	0.22	0.11	0.0	0.13	0.06	0.25	0.09	0.14	0.13	0.17	0.24	0.5
787	0.22	0.11	0.0	0.13	0.06	0.25	0.09	0.14	0.13	0.17	0.24	0.5
788	0.22	0.11	0.0	0.13	0.06	0.25	0.09	0.14	0.13	0.17	0.24	0.5
789	0.22	0.11	0.0	0.13	0.06	0.25	0.09	0.14	0.13	0.17	0.24	0.5
790	0.22	0.11	0.0	0.13	0.06	0.25	0.09	0.14	0.13	0.17	0.24	0.5
791	0.22	0.11	0.0	0.13	0.06	0.25	0.09	0.14	0.13	0.17	0.24	0.5
792	0.22	0.11	0.0	0.13	0.06	0.25	0.09	0.14	0.07	0.17	0.24	0.5
793	0.22	0.11	0.0	0.13	0.06	0.25	0.09	0.14	0.13	0.17	0.24	0.5
794	0.22	0.11	0.0	0.13	0.06	0.25	0.09	0.14	0.13	0.17	0.24	0.5
795	0.22	0.11	0.0	0.13	0.06	0.25	0.09	0.14	0.13	0.17	0.24	0.5
796	0.22	0.11	0.0	0.13	0.06	0.25	0.09	0.14	0.13	0.17	0.24	0.5
799	0.22	0.11	0.0	0.13	0.06	0.25	0.09	0.14	0.07	0.17	0.24	0.5
800	0.22	0.11	0.0	0.13	0.06	0.25	0.09	0.14	0.13	0.17	0.24	0.5
803	0.22	0.11	0.0	0.13	0.06	0.25	0.09	0.14	0.13	0.17	0.24	0.5
805	0.22	0.11	0.0	0.13	0.06	0.25	0.09	0.14	0.13	0.17	0.24	0.5
806	0.22	0.11	0.0	0.13	0.06	0.25	0.09	0.14	0.13	0.17	0.24	0.5
807	0.22	0.11	0.0	0.13	0.06	0.25	0.09	0.14	0.13	0.17	0.24	0.5
810	0.22	0.11	0.0	0.13	0.06	0.25	0.09	0.14	0.13	0.17	0.24	0.5
814	0.22	0.11	0.0	0.13	0.06	0.25	0.09	0.14	0.13	0.17	0.24	0.5
815	0.01	0.11	0.0	0.13	0.19	0.25	0.09	0.14	0.13	0.03	0.24	0.5
817	0.01	0.11	0.0	0.13	0.06	0.25	0.09	0.14	0.13	0.03	0.24	0.5
818	0.01	0.11	0.0	0.13	0.06	0.25	0.09	0.14	0.13	0.03	0.24	0.5
820	0.01	0.11	0.0	0.13	0.06	0.25	0.09	0.14	0.13	0.03	0.24	0.5
821	0.01	0.11	0.0	0.13	0.06	0.25	0.09	0.14	0.13	0.03	0.24	0.5
822	0.01	0.11	0.0	0.13	0.06	0.25	0.09	0.14	0.13	0.03	0.24	0.5
823	0.01	0.11	0.0	0.13	0.06	0.25	0.09	0.14	0.13	0.03	0.24	0.5
824	0.01	0.11	0.0	0.13	0.06	0.25	0.09	0.14	0.07	0.03	0.24	0.5
825	0.01	0.11	0.0	0.13	0.06	0.25	0.09	0.14	0.07	0.03	0.24	0.5
826	0.01	0.11	0.0	0.13	0.06	0.25	0.09	0.14	0.07	0.03	0.24	0.5
827	0.01	0.11	0.0	0.13	0.06	0.25	0.09	0.14	0.07	0.03	0.24	0.5
828	0.01	0.11	0.0	0.13	0.06	0.25	0.09	0.14	0.07	0.03	0.24	0.5
829	0.01	0.11	0.0	0.13	0.06	0.25	0.09	0.14	0.07	0.03	0.24	0.5
830	0.01	0.11	0.0	0.13	0.06	0.25	0.09	0.14	0.07	0.03	0.24	0.5
831	0.01	0.11	0.0	0.13	0.06	0.25	0.09	0.14	0.07	0.03	0.24	0.5
832	0.01	0.11	0.0	0.13	0.06	0.25	0.09	0.14	0.07	0.03	0.24	0.5
833	0.01	0.11	0.0	0.13	0.06	0.25	0.09	0.14	0.07	0.03	0.24	0.5
834	0.01	0.11	0.0	0.13	0.06	0.25	0.09	0.14	0.07	0.03	0.24	0.5
835	0.01	0.11	0.0	0.13	0.06	0.25	0.09	0.14	0.07	0.03	0.24	0.5
836	0.01	0.11	0.0	0.13	0.06	0.25	0.09	0.14	0.07	0.03	0.24	0.5
837	0.01	0.11	0.0	0.13	0.06	0.25	0.09	0.14	0.07	0.03	0.24	0.5
839	0.01	0.11	0.0	0.13	0.06	0.25	0.09	0.14	0.07	0.03	0.24	0.5
840	0.01	0.11	0.0	0.13	0.06	0.25	0.09	0.14	0.07	0.03	0.24	0.5
841	0.01	0.11	0.0	0.13	0.06	0.25	0.09	0.14	0.07	0.03	0.24	0.5
842	0.01	0.11	0.0	0.13	0.06	0.25	0.09	0.14	0.07	0.03	0.24	0.5
843	0.01	0.11	0.0	0.13	0.06	0.25	0.09	0.14	0.07	0.03	0.24	0.5
845	0.01	0.11	0.0	0.13	0.06	0.25	0.09	0.14	0.07	0.03	0.24	0.5
846	0.01	0.11	0.0	0.13	0.06	0.25	0.09	0.14	0.07	0.03	0.24	0.5
847	0.01	0.11	0.0	0.13	0.06	0.25	0.09	0.14	0.07	0.03	0.24	0.5
848	0.01	0.11	0.0	0.13	0.06	0.25	0.09	0.14	0.07	0.03	0.24	0.5
849	0.01	0.11	0.0	0.13	0.06	0.25	0.09	0.14	0.07	0.03	0.24	0.5
850	0.01	0.11	0.0	0.13	0.06	0.25	0.09	0.14	0.13	0.03	0.24	0.5
851	0.01	0.11	0.0	0.13	0.06	0.25	0.09	0.14	0.13	0.03	0.24	0.5
852	0.01	0.11	0.0	0.13	0.06	0.25	0.09	0.14	0.13	0.03	0.24	0.5
853	0.01	0.11	0.0	0.13	0.06	0.25	0.09	0.14	0.07	0.03	0.24	0.5
854	0.01	0.11	0.0	0.13	0.06	0.25	0.09	0.14	0.07	0.03	0.24	0.5
855	0.01	0.11	0.0	0.13	0.06	0.25	0.09	0.14	0.07	0.03	0.24	0.5
856	0.01	0.11	0.0	0.13	0.06	0.25	0.09	0.14	0.07	0.03	0.24	0.5
857	0.01	0.11	0.0	0.13	0.06	0.25	0.09	0.14	0.07	0.03	0.24	0.5
858	0.01	0.11	0.0	0.13	0.06	0.25	0.09	0.14	0.07	0.03	0.24	0.5
859	0.01	0.11	0.0	0.13	0.06	0.25	0.09	0.14	0.07	0.03	0.24	0.5
860	0.01	0.11	0.0	0.13	0.06	0.25	0.09	0.14	0.07	0.03	0.24	0.5
861	0.01	0.11	0.0	0.13	0.06	0.25	0.09	0.14	0.13	0.03	0.24	0.5
862	0.01	0.11	0.0	0.13	0.06	0.25	0.09	0.14	0.07	0.03	0.24	0.5
863	0.01	0.11	0.0	0.13	0.06	0.25	0.09	0.14	0.07	0.03	0.24	0.5
864	0.01	0.11	0.0	0.13	0.06	0.25	0.09	0.14	0.07	0.03	0.24	0.5
865	0.01	0.11	0.0	0.13	0.06	0.25	0.09	0.14	0.07	0.03	0.24	0.5
867	0.01	0.11	0.0	0.13	0.06	0.25	0.09	0.14	0.07	0.03	0.24	0.5
868	0.01	0.11	0.0	0.13	0.06	0.25	0.09	0.14	0.07	0.03	0.24	0.5
869	0.01	0.11	0.0	0.13	0.06	0.25	0.09	0.14	0.13	0.03	0.24	0.5
870	0.01	0.11	0.0	0.13	0.06	0.25	0.09	0.14	0.13	0.03	0.24	0.5
871	0.01	0.11	0.0	0.13	0.06	0.25	0.09	0.14	0.13	0.03	0.24	0.5
872	0.01	0.11	0.0	0.13	0.06	0.25	0.09	0.14	0.07	0.03	0.24	0.5
873	0.01	0.11	0.0	0.13	0.06	0.25	0.09	0.14	0.07	0.03	0.24	0.5
874	0.01	0.11	0.0	0.13	0.06	0.25	0.09	0.14	0.07	0.03	0.24	0.5
875	0.01	0.11	0.0	0.13	0.06	0.25	0.09	0.14	0.07	0.03	0.24	0.5
876	0.01	0.11	0.0	0.13	0.06	0.25	0.09	0.14	0.07	0.03	0.24	0.5
878	0.01	0.11	0.0	0.13	0.06	0.25	0.09	0.14	0.07	0.03	0.24	0.5
879	0.01	0.11	0.0	0.13	0.06	0.25	0.09	0.14	0.07	0.03	0.24	0.5
880	0.01	0.11	0.0	0.13	0.06	0.25	0.09	0.14	0.13	0.03	0.24	0.5
881	0.01	0.11	0.0	0.13	0.06	0.25	0.09	0.14	0.07	0.03	0.24	0.5
882	0.01	0.11	0.0	0.13	0.06	0.25	0.09	0.14	0.07	0.03	0.24	0.5
883	0.01	0.11	0.0	0.13	0.06	0.25	0.09	0.14	0.07	0.03	0.24	0.5
884	0.22	0.11	0.15	0.13	0.06	0.25	0.09	0.14	0.27	0.17	0.24	0.5
885	0.22	0.11	0.0	0.13	0.06	0.25	0.09	0.14	0.07	0.17	0.24	0.5
886	0.22	0.11	0.0	0.13	0.06	0.25	0.09	0.14	0.13	0.17	0.24	0.5
887	0.22	0.11	0.0	0.13	0.06	0.25	0.09	0.14	0.13	0.17	0.24	0.5
889	0.22	0.11	0.0	0.13	0.06	0.25	0.09	0.14	0.13	0.17	0.24	0.5
890	0.22	0.11	0.0	0.13	0.06	0.25	0.09	0.14	0.13	0.17	0.24	0.5
891	0.22	0.11	0.0	0.13	0.06	0.25	0.09	0.14	0.07	0.17	0.24	0.5
893	0.22	0.11	0.0	0.13	0.06	0.25	0.09	0.14	0.07	0.17	0.24	0.5
894	0.22	0.11	0.15	0.13	0.06	0.25	0.09	0.14	0.33	0.17	0.24	0.5
895	0.22	0.11	0.15	0.13	0.06	0.25	0.09	0.14	0.27	0.17	0.24	0.5
896	0.22	0.11	0.15	0.13	0.06	0.25	0.09	0.14	0.27	0.17	0.24	0.5
897	0.22	0.11	0.15	0.13	0.06	0.25	0.09	0.14	0.27	0.17	0.24	0.5
898	0.22	0.11	0.15	0.13	0.06	0.25	0.09	0.14	0.27	0.17	0.24	0.5
899	0.22	0.11	0.15	0.13	0.06	0.26	0.09	0.14	0.27	0.17	0.24	0.5
900	0.22	0.11	0.0	0.13	0.06	0.26	0.09	0.14	0.27	0.17	0.24	0.5
901	0.22	0.11	0.0	0.13	0.06	0.26	0.09	0.14	0.07	0.17	0.24	0.5
902	0.22	0.11	0.0	0.13	0.06	0.26	0.09	0.14	0.07	0.17	0.24	0.5
904	0.22	0.11	0.0	0.13	0.06	0.26	0.09	0.14	0.07	0.17	0.24	0.5
905	0.22	0.11	0.0	0.13	0.06	0.26	0.09	0.14	0.07	0.17	0.24	0.5
906	0.22	0.11	0.0	0.13	0.06	0.26	0.09	0.14	0.07	0.17	0.24	0.5
907	0.22	0.11	0.0	0.13	0.06	0.26	0.09	0.14	0.07	0.17	0.24	0.5
908	0.22	0.11	0.0	0.13	0.06	0.26	0.09	0.14	0.07	0.17	0.24	0.5
909	0.22	0.11	0.15	0.13	0.06	0.25	0.09	0.14	0.27	0.17	0.24	0.5
911	0.22	0.11	0.0	0.13	0.06	0.25	0.09	0.14	0.27	0.17	0.24	0.5
912	0.22	0.11	0.0	0.13	0.06	0.25	0.09	0.14	0.07	0.17	0.24	0.5
913	0.22	0.11	0.0	0.13	0.06	0.25	0.09	0.14	0.07	0.17	0.24	0.5
914	0.22	0.11	0.0	0.13	0.06	0.25	0.09	0.14	0.07	0.17	0.24	0.5
915	0.22	0.11	0.0	0.13	0.06	0.25	0.09	0.14	0.07	0.17	0.24	0.5
916	0.22	0.11	0.0	0.13	0.06	0.25	0.09	0.14	0.07	0.17	0.24	0.5
917	0.22	0.11	0.0	0.13	0.06	0.25	0.09	0.14	0.07	0.17	0.24	0.5
918	0.22	0.11	0.15	0.13	0.06	0.25	0.09	0.14	0.27	0.17	0.24	0.5
919	0.22	0.11	0.0	0.13	0.06	0.25	0.09	0.14	0.27	0.17	0.24	0.5
920	0.22	0.11	0.0	0.13	0.06	0.25	0.09	0.14	0.07	0.17	0.24	0.5
921	0.22	0.11	0.0	0.13	0.06	0.25	0.09	0.14	0.07	0.17	0.24	0.5
923	0.22	0.11	0.0	0.13	0.06	0.25	0.09	0.14	0.07	0.17	0.24	0.5
924	0.22	0.11	0.0	0.13	0.06	0.25	0.09	0.14	0.07	0.17	0.24	0.5
925	0.22	0.11	0.0	0.13	0.06	0.25	0.09	0.14	0.07	0.17	0.24	0.5
926	0.22	0.11	0.0	0.13	0.06	0.25	0.09	0.14	0.13	0.17	0.24	0.5
927	0.22	0.11	0.0	0.13	0.06	0.25	0.09	0.14	0.07	0.17	0.24	0.5
928	0.22	0.11	0.0	0.13	0.06	0.25	0.09	0.14	0.07	0.17	0.24	0.5
929	0.22	0.11	0.0	0.13	0.06	0.25	0.09	0.14	0.07	0.17	0.24	0.5
930	0.22	0.11	0.0	0.13	0.06	0.25	0.09	0.14	0.07	0.17	0.24	0.5
931	0.22	0.11	0.0	0.13	0.06	0.25	0.09	0.14	0.07	0.17	0.24	0.5
932	0.22	0.11	0.0	0.13	0.06	0.25	0.09	0.14	0.07	0.17	0.24	0.5
933	0.22	0.11	0.0	0.13	0.06	0.25	0.09	0.14	0.07	0.17	0.24	0.5
934	0.22	0.11	0.0	0.13	0.06	0.25	0.09	0.14	0.07	0.17	0.24	0.5
935	0.22	0.11	0.0	0.13	0.06	0.25	0.09	0.14	0.07	0.17	0.24	0.5
936	0.22	0.11	0.0	0.13	0.06	0.25	0.09	0.14	0.07	0.17	0.24	0.5
937	0.22	0.11	0.0	0.13	0.06	0.25	0.09	0.14	0.07	0.17	0.24	0.5
938	0.22	0.11	0.0	0.13	0.06	0.25	0.09	0.14	0.07	0.17	0.24	0.5
939	0.22	0.11	0.15	0.13	0.06	0.25	0.09	0.14	0.27	0.17	0.24	0.5
941	0.22	0.11	0.0	0.13	0.06	0.25	0.09	0.14	0.13	0.17	0.24	0.5
942	0.22	0.11	0.0	0.13	0.06	0.25	0.09	0.14	0.07	0.17	0.24	0.5
943	0.22	0.11	0.0	0.13	0.06	0.25	0.09	0.14	0.13	0.17	0.24	0.5
944	0.22	0.11	0.0	0.13	0.06	0.25	0.09	0.14	0.07	0.17	0.24	0.5
945	0.22	0.11	0.0	0.13	0.06	0.25	0.09	0.14	0.07	0.17	0.24	0.5
947	0.22	0.11	0.0	0.13	0.06	0.25	0.09	0.14	0.07	0.17	0.24	0.5
948	0.22	0.11	0.0	0.13	0.06	0.25	0.09	0.14	0.07	0.17	0.24	0.5
949	0.22	0.11	0.0	0.13	0.06	0.25	0.09	0.14	0.07	0.17	0.24	0.5
950	0.22	0.11	0.0	0.13	0.06	0.25	0.09	0.14	0.07	0.17	0.24	0.5
951	0.22	0.11	0.0	0.13	0.06	0.25	0.09	0.14	0.07	0.17	0.24	0.5
952	0.22	0.11	0.15	0.13	0.06	0.25	0.09	0.14	0.33	0.17	0.24	0.5
953	0.22	0.11	0.0	0.13	0.06	0.25	0.09	0.14	0.33	0.17	0.24	0.5
954	0.22	0.11	0.0	0.13	0.06	0.25	0.09	0.14	0.13	0.17	0.24	0.5
955	0.22	0.11	0.0	0.13	0.06	0.25	0.09	0.14	0.07	0.17	0.24	0.5
956	0.22	0.11	0.0	0.13	0.06	0.25	0.09	0.14	0.07	0.17	0.24	0.5
958	0.22	0.11	0.0	0.13	0.06	0.25	0.09	0.14	0.07	0.17	0.24	0.5
959	0.22	0.11	0.0	0.13	0.06	0.25	0.09	0.14	0.07	0.17	0.24	0.5
960	0.22	0.11	0.0	0.13	0.06	0.25	0.09	0.14	0.07	0.17	0.24	0.5
961	0.22	0.11	0.0	0.13	0.06	0.25	0.09	0.14	0.13	0.17	0.24	0.5
962	0.22	0.11	0.0	0.13	0.06	0.25	0.09	0.14	0.13	0.17	0.24	0.5
963	0.22	0.11	0.0	0.13	0.06	0.25	0.09	0.14	0.07	0.17	0.24	0.5
964	0.22	0.11	0.0	0.13	0.06	0.25	0.09	0.14	0.07	0.17	0.24	0.5
965	0.22	0.11	0.0	0.13	0.06	0.25	0.09	0.14	0.07	0.17	0.24	0.5
967	0.22	0.11	0.15	0.13	0.06	0.25	0.09	0.14	0.27	0.17	0.24	0.5
968	0.22	0.11	0.15	0.13	0.19	0.25	0.1	0.14	0.4	0.17	0.24	0.5
969	0.22	0.11	0.15	0.13	0.06	0.25	0.1	0.14	0.4	0.17	0.24	0.5
970	0.22	0.11	0.15	0.13	0.06	0.25	0.1	0.14	0.27	0.17	0.24	0.5
971	0.22	0.11	0.15	0.13	0.06	0.25	0.1	0.14	0.27	0.17	0.24	0.5
972	0.22	0.11	0.15	0.13	0.06	0.25	0.1	0.14	0.4	0.17	0.24	0.5
977	0.22	0.11	0.0	0.13	0.06	0.25	0.1	0.14	0.4	0.17	0.24	0.5
978	0.22	0.11	0.15	0.13	0.06	0.25	0.09	0.14	0.4	0.17	0.24	0.5
