entity_alias_readable	Decayed	Sweet	Woody	Medicinal	Sulfidic	Fruity	Smoky	Uncategorised	Floral	Citrus	Mint
0	0.32	0.1	0.13	0.33	0.24	0.06	0.2	0.15	0.09	0.09	0.05
1	0.32	0.04	0.02	0.02	0.24	0.06	0.1	0.01	0.09	0.09	0.05
2	0.68	0.32	0.19	0.37	0.31	0.16	0.35	0.32	0.29	0.17	0.18
3	0.19	0.1	0.05	0.08	0.08	0.08	0.05	0.09	0.05	0.17	0.18
4	0.19	0.09	0.07	0.04	0.08	0.05	0.11	0.07	0.05	0.03	0.18
5	0.19	0.05	0.03	0.04	0.01	0.03	0.01	0.01	0.01	0.03	0.18
6	0.13	0.08	0.12	0.23	0.2	0.1	0.17	0.19	0.07	0.06	0.01
7	0.23	0.18	0.17	0.19	0.15	0.08	0.28	0.17	0.14	0.09	0.01
8	0.23	0.02	0.17	0.08	0.03	0.03	0.02	0.02	0.14	0.09	0.01
9	0.87	0.67	0.57	0.71	0.59	0.57	0.96	0.73	0.59	0.41	0.06
10	0.87	0.04	0.02	0.12	0.08	0.04	0.05	0.04	0.05	0.01	0.06
11	0.29	0.15	0.12	0.21	0.17	0.16	0.13	0.17	0.11	0.06	0.06
12	0.29	0.15	0.12	0.25	0.18	0.16	0.14	0.17	0.11	0.06	0.06
13	0.32	0.22	0.19	0.29	0.21	0.32	0.2	0.25	0.21	0.09	0.05
14	0.29	0.15	0.12	0.25	0.18	0.16	0.14	0.17	0.11	0.06	0.05
15	0.29	0.15	0.12	0.23	0.18	0.16	0.13	0.17	0.11	0.06	0.05
16	0.29	0.16	0.12	0.21	0.17	0.19	0.14	0.18	0.12	0.06	0.02
17	0.61	0.59	0.55	0.79	0.49	0.56	0.58	0.55	0.49	0.35	0.17
18	0.29	0.16	0.12	0.23	0.17	0.17	0.13	0.17	0.11	0.06	0.17
19	0.29	0.17	0.17	0.31	0.18	0.25	0.17	0.21	0.16	0.07	0.17
20	0.29	0.21	0.16	0.4	0.23	0.26	0.22	0.23	0.2	0.07	0.05
21	0.29	0.16	0.13	0.21	0.17	0.17	0.13	0.17	0.15	0.06	0.05
22	0.29	0.15	0.13	0.21	0.18	0.16	0.13	0.18	0.11	0.06	0.05
23	0.1	0.02	0.05	0.19	0.01	0.02	0.03	0.06	0.04	0.06	0.04
24	0.84	0.53	0.49	0.96	0.42	0.54	0.62	0.54	0.44	0.33	0.23
25	0.52	0.33	0.25	0.42	0.25	0.37	0.4	0.33	0.27	0.12	0.06
26	0.52	0.36	0.29	0.58	0.28	0.39	0.43	0.35	0.28	0.12	0.08
27	0.48	0.33	0.25	0.42	0.25	0.37	0.4	0.33	0.27	0.12	0.06
28	0.61	0.34	0.26	0.42	0.31	0.37	0.43	0.33	0.29	0.12	0.06
29	0.52	0.34	0.26	0.48	0.27	0.38	0.41	0.33	0.27	0.12	0.07
30	0.52	0.41	0.31	0.56	0.38	0.47	0.48	0.4	0.31	0.14	0.08
31	0.55	0.36	0.3	0.54	0.35	0.42	0.46	0.36	0.28	0.14	0.08
32	0.48	0.4	0.34	0.5	0.27	0.41	0.36	0.4	0.35	0.25	0.07
33	0.45	0.38	0.34	0.5	0.27	0.42	0.36	0.34	0.34	0.25	0.07
34	0.52	0.39	0.36	0.5	0.28	0.42	0.36	0.35	0.35	0.25	0.07
35	0.45	0.37	0.34	0.5	0.27	0.41	0.36	0.34	0.34	0.25	0.07
36	0.39	0.27	0.17	0.37	0.18	0.44	0.17	0.22	0.24	0.13	0.04
37	0.45	0.37	0.34	0.5	0.27	0.41	0.38	0.35	0.34	0.25	0.07
38	0.55	0.41	0.36	0.5	0.28	0.45	0.39	0.37	0.36	0.25	0.07
39	0.52	0.51	0.42	0.58	0.32	0.53	0.45	0.43	0.42	0.29	0.14
40	0.45	0.38	0.35	0.54	0.31	0.42	0.36	0.35	0.35	0.25	0.07
41	0.35	0.07	0.05	0.15	0.17	0.07	0.1	0.1	0.05	0.01	0.07
42	0.74	0.5	0.43	0.6	0.32	0.5	0.48	0.42	0.4	0.26	0.08
43	0.45	0.41	0.37	0.54	0.28	0.46	0.41	0.39	0.38	0.28	0.07
44	0.45	0.39	0.34	0.5	0.27	0.43	0.38	0.34	0.34	0.25	0.07
45	0.58	0.6	0.57	0.75	0.41	0.72	0.57	0.57	0.53	0.42	0.19
46	0.84	0.68	0.58	0.88	0.92	0.32	0.8	0.57	0.32	0.14	0.13
47	0.13	0.12	0.18	0.15	0.21	0.05	0.23	0.17	0.17	0.14	0.07
48	0.1	0.23	0.22	0.1	0.23	0.22	0.3	0.2	0.18	0.04	0.12
49	0.1	0.1	0.09	0.02	0.08	0.04	0.11	0.1	0.06	0.03	0.12
50	0.1	0.05	0.03	0.04	0.08	0.04	0.04	0.04	0.04	0.03	0.01
51	0.42	0.4	0.19	0.29	0.25	0.12	0.36	0.33	0.28	0.13	0.18
52	0.13	0.07	0.04	0.04	0.04	0.02	0.09	0.06	0.05	0.13	0.18
53	0.48	0.31	0.29	0.38	0.38	0.13	0.51	0.32	0.21	0.1	0.02
54	0.42	0.42	0.43	0.48	0.37	0.2	0.57	0.48	0.38	0.3	0.31
55	0.81	0.51	0.42	0.54	0.44	0.22	0.67	0.57	0.47	0.36	0.29
56	0.32	0.47	0.45	0.42	0.27	0.18	0.47	0.52	0.55	0.48	0.39
57	0.29	0.12	0.15	0.17	0.08	0.12	0.17	0.18	0.14	0.13	0.02
58	0.16	0.13	0.09	0.1	0.14	0.04	0.21	0.1	0.03	0.04	0.02
59	0.06	0.07	0.12	0.17	0.18	0.03	0.17	0.12	0.04	0.07	0.02
60	0.58	0.33	0.3	0.48	0.32	0.25	0.57	0.44	0.33	0.38	0.08
61	0.16	0.01	0.01	0.06	0.07	0.01	0.02	0.03	0.33	0.38	0.08
62	0.68	0.24	0.27	0.42	0.46	0.27	0.45	0.36	0.24	0.25	0.02
63	0.81	0.34	0.32	0.54	0.54	0.44	0.57	0.43	0.3	0.28	0.02
64	0.81	0.29	0.3	0.52	0.56	0.32	0.5	0.39	0.26	0.25	0.04
65	0.77	0.31	0.34	0.62	0.54	0.36	0.55	0.44	0.28	0.25	0.05
66	0.71	0.3	0.29	0.46	0.52	0.33	0.46	0.38	0.26	0.25	0.02
67	0.68	0.24	0.27	0.42	0.48	0.27	0.45	0.36	0.24	0.25	0.02
68	0.65	0.24	0.27	0.42	0.46	0.27	0.45	0.36	0.24	0.25	0.02
69	0.65	0.24	0.27	0.44	0.46	0.28	0.45	0.36	0.24	0.25	0.02
70	0.65	0.25	0.27	0.42	0.46	0.27	0.46	0.36	0.24	0.25	0.02
71	0.68	0.24	0.27	0.44	0.48	0.29	0.46	0.36	0.24	0.25	0.02
72	0.71	0.24	0.27	0.42	0.48	0.28	0.45	0.36	0.24	0.25	0.02
73	0.71	0.34	0.35	0.58	0.54	0.4	0.53	0.45	0.3	0.3	0.1
74	0.65	0.24	0.27	0.42	0.48	0.27	0.46	0.36	0.24	0.25	0.02
75	0.68	0.25	0.29	0.44	0.48	0.29	0.46	0.38	0.29	0.28	0.02
76	0.65	0.24	0.27	0.42	0.46	0.27	0.45	0.35	0.24	0.25	0.02
77	0.65	0.27	0.29	0.46	0.46	0.33	0.49	0.39	0.27	0.26	0.02
78	0.71	0.35	0.38	0.71	0.54	0.46	0.56	0.5	0.36	0.3	0.12
79	0.84	0.26	0.27	0.46	0.51	0.31	0.46	0.37	0.24	0.25	0.02
80	0.74	0.24	0.27	0.46	0.49	0.29	0.46	0.37	0.24	0.25	0.04
81	0.65	0.24	0.27	0.42	0.46	0.27	0.46	0.35	0.24	0.25	0.02
82	0.71	0.26	0.3	0.42	0.52	0.28	0.49	0.39	0.27	0.28	0.02
83	0.68	0.24	0.27	0.42	0.48	0.28	0.45	0.35	0.24	0.25	0.02
84	0.74	0.35	0.35	0.58	0.49	0.32	0.54	0.4	0.27	0.26	0.06
85	0.65	0.24	0.27	0.42	0.46	0.27	0.45	0.35	0.24	0.25	0.02
86	0.65	0.06	0.01	0.04	0.46	0.01	0.08	0.03	0.01	0.25	0.02
87	0.65	0.06	0.01	0.04	0.46	0.0	0.01	0.03	0.01	0.25	0.02
88	0.74	0.28	0.23	0.48	0.48	0.21	0.47	0.35	0.28	0.29	0.06
89	0.13	0.06	0.09	0.17	0.11	0.03	0.07	0.07	0.03	0.03	0.02
90	0.03	0.0	0.01	0.17	0.11	0.01	0.02	0.01	0.02	0.01	0.02
91	0.13	0.01	0.06	0.06	0.01	0.03	0.11	0.1	0.13	0.04	0.01
92	0.03	0.0	0.01	0.06	0.01	0.01	0.01	0.01	0.02	0.01	0.01
93	0.03	0.0	0.01	0.02	0.01	0.0	0.01	0.01	0.02	0.01	0.01
94	0.32	0.09	0.09	0.12	0.17	0.04	0.09	0.09	0.05	0.04	0.01
95	0.32	0.0	0.0	0.12	0.17	0.04	0.09	0.09	0.05	0.04	0.04
96	0.03	0.02	0.04	0.04	0.17	0.02	0.01	0.01	0.01	0.06	0.08
97	0.03	0.04	0.06	0.1	0.06	0.03	0.01	0.03	0.03	0.07	0.27
98	0.13	0.04	0.03	0.1	0.04	0.02	0.04	0.03	0.01	0.03	0.01
99	0.1	0.04	0.05	0.08	0.03	0.01	0.07	0.03	0.04	0.03	0.05
100	0.1	0.0	0.0	0.04	0.03	0.0	0.07	0.01	0.04	0.01	0.05
101	0.1	0.0	0.0	0.04	0.03	0.0	0.07	0.01	0.04	0.01	0.05
102	0.35	0.45	0.47	0.38	0.28	0.39	0.26	0.44	0.36	0.38	0.44
103	0.16	0.11	0.05	0.08	0.06	0.08	0.08	0.09	0.18	0.13	0.02
104	0.13	0.13	0.24	0.29	0.04	0.13	0.18	0.21	0.21	0.41	0.24
105	0.19	0.09	0.18	0.17	0.1	0.09	0.07	0.09	0.12	0.13	0.26
106	0.19	0.0	0.01	0.17	0.1	0.09	0.07	0.01	0.12	0.13	0.01
107	0.1	0.02	0.08	0.06	0.08	0.03	0.06	0.06	0.12	0.01	0.08
108	0.03	0.0	0.05	0.06	0.03	0.03	0.04	0.03	0.06	0.04	0.02
109	0.03	0.0	0.0	0.06	0.03	0.03	0.01	0.01	0.06	0.04	0.05
110	0.42	0.19	0.36	0.37	0.34	0.24	0.3	0.36	0.36	0.35	0.1
111	0.03	0.06	0.04	0.02	0.01	0.03	0.05	0.05	0.05	0.03	0.01
112	0.23	0.39	0.49	0.46	0.21	0.15	0.23	0.38	0.39	0.51	0.52
113	0.39	0.31	0.25	0.25	0.2	0.15	0.25	0.32	0.42	0.38	0.3
114	0.03	0.05	0.13	0.08	0.03	0.06	0.08	0.12	0.13	0.23	0.17
115	0.03	0.04	0.07	0.02	0.03	0.02	0.06	0.05	0.02	0.1	0.1
116	0.35	0.38	0.43	0.5	0.24	0.22	0.29	0.41	0.4	0.49	0.5
117	0.1	0.04	0.08	0.5	0.03	0.02	0.04	0.04	0.07	0.09	0.05
118	0.1	0.13	0.21	0.17	0.04	0.13	0.14	0.14	0.11	0.2	0.24
119	0.06	0.08	0.15	0.1	0.03	0.07	0.05	0.09	0.12	0.22	0.36
120	0.06	0.01	0.0	0.1	0.03	0.0	0.05	0.01	0.03	0.03	0.04
121	0.06	0.05	0.04	0.04	0.03	0.02	0.01	0.04	0.15	0.09	0.02
122	0.06	0.06	0.11	0.12	0.07	0.1	0.06	0.08	0.13	0.16	0.07
123	0.06	0.02	0.01	0.02	0.03	0.02	0.04	0.05	0.07	0.04	0.07
124	0.1	0.1	0.16	0.17	0.1	0.08	0.14	0.14	0.22	0.3	0.13
125	0.1	0.02	0.02	0.02	0.04	0.01	0.01	0.03	0.04	0.01	0.02
126	0.1	0.02	0.03	0.06	0.04	0.01	0.01	0.02	0.06	0.04	0.05
127	0.1	0.01	0.01	0.02	0.04	0.01	0.01	0.02	0.06	0.04	0.05
128	0.26	0.3	0.16	0.19	0.18	0.19	0.2	0.27	0.3	0.14	0.18
129	0.26	0.04	0.05	0.12	0.18	0.02	0.06	0.05	0.04	0.03	0.14
130	0.13	0.01	0.03	0.12	0.03	0.01	0.01	0.01	0.02	0.03	0.04
131	0.06	0.04	0.04	0.02	0.03	0.02	0.01	0.04	0.1	0.06	0.05
132	0.06	0.0	0.01	0.02	0.03	0.02	0.01	0.0	0.1	0.06	0.02
133	0.03	0.07	0.05	0.06	0.03	0.04	0.03	0.06	0.16	0.09	0.04
134	0.23	0.2	0.2	0.23	0.23	0.07	0.41	0.22	0.18	0.16	0.08
135	0.29	0.05	0.12	0.23	0.15	0.04	0.19	0.12	0.11	0.07	0.02
136	0.19	0.06	0.13	0.17	0.06	0.02	0.19	0.12	0.08	0.1	0.04
137	0.23	0.25	0.17	0.23	0.2	0.12	0.24	0.28	0.3	0.17	0.19
138	0.06	0.04	0.11	0.12	0.14	0.03	0.15	0.06	0.02	0.03	0.19
139	0.1	0.04	0.01	0.12	0.04	0.03	0.01	0.02	0.02	0.03	0.19
140	0.29	0.02	0.02	0.04	0.06	0.07	0.03	0.06	0.03	0.01	0.19
141	0.23	0.03	0.08	0.12	0.18	0.05	0.13	0.12	0.07	0.12	0.19
142	0.23	0.03	0.01	0.12	0.04	0.05	0.13	0.01	0.07	0.12	0.19
143	0.42	0.09	0.09	0.04	0.18	0.04	0.26	0.14	0.07	0.06	0.01
144	0.42	0.09	0.09	0.04	0.03	0.04	0.26	0.01	0.07	0.06	0.01
145	0.42	0.17	0.2	0.23	0.37	0.09	0.35	0.24	0.12	0.13	0.01
146	0.16	0.08	0.1	0.17	0.18	0.04	0.1	0.1	0.05	0.07	0.01
147	0.19	0.05	0.05	0.02	0.13	0.01	0.15	0.05	0.05	0.03	0.01
148	0.13	0.18	0.15	0.21	0.13	0.04	0.2	0.13	0.07	0.06	0.1
149	0.13	0.05	0.09	0.1	0.11	0.04	0.11	0.09	0.06	0.1	0.1
150	0.1	0.05	0.09	0.1	0.11	0.04	0.11	0.01	0.06	0.1	0.1
151	0.42	0.06	0.17	0.12	0.2	0.08	0.21	0.19	0.07	0.16	0.01
152	0.26	0.11	0.08	0.17	0.17	0.03	0.15	0.08	0.07	0.06	0.02
153	0.13	0.04	0.02	0.08	0.04	0.0	0.04	0.04	0.02	0.03	0.02
154	0.13	0.02	0.05	0.1	0.21	0.04	0.09	0.09	0.04	0.03	0.02
155	0.13	0.06	0.05	0.1	0.03	0.01	0.04	0.02	0.01	0.03	0.01
156	0.13	0.06	0.01	0.1	0.01	0.01	0.01	0.01	0.01	0.01	0.01
157	0.35	0.26	0.14	0.19	0.18	0.12	0.22	0.27	0.27	0.14	0.18
158	0.35	0.01	0.14	0.02	0.18	0.02	0.22	0.01	0.05	0.04	0.18
159	0.03	0.03	0.05	0.06	0.18	0.03	0.01	0.03	0.17	0.12	0.18
160	0.19	0.1	0.2	0.17	0.07	0.08	0.09	0.11	0.12	0.14	0.17
161	0.06	0.05	0.03	0.02	0.01	0.03	0.07	0.05	0.08	0.07	0.05
162	0.9	0.77	0.56	0.98	0.49	1.0	0.67	0.78	0.65	0.51	0.35
163	0.9	0.77	0.56	0.98	0.49	1.0	0.67	0.78	0.65	0.51	0.35
164	0.58	0.54	0.43	0.77	0.35	0.61	0.42	0.55	0.51	0.42	0.35
165	0.48	0.33	0.2	0.31	0.25	0.16	0.28	0.33	0.33	0.2	0.29
166	0.03	0.02	0.04	0.04	0.25	0.08	0.08	0.05	0.05	0.04	0.29
167	0.65	0.47	0.42	0.62	0.28	0.63	0.41	0.55	0.42	0.28	0.23
168	0.65	0.0	0.01	0.62	0.28	0.02	0.41	0.01	0.01	0.28	0.01
169	0.65	0.0	0.0	0.62	0.28	0.02	0.41	0.01	0.01	0.28	0.01
170	0.1	0.02	0.01	0.02	0.01	0.04	0.01	0.01	0.01	0.28	0.01
171	0.55	0.39	0.34	0.37	0.21	0.39	0.28	0.41	0.41	0.3	0.27
172	0.52	0.42	0.26	0.31	0.27	0.18	0.49	0.45	0.36	0.3	0.27
173	0.23	0.11	0.12	0.21	0.06	0.11	0.09	0.13	0.14	0.13	0.11
174	0.61	0.51	0.48	0.77	0.32	0.42	0.33	0.52	0.56	0.54	0.58
175	0.55	0.35	0.25	0.4	0.21	0.21	0.27	0.4	0.37	0.26	0.31
176	0.23	0.11	0.12	0.21	0.06	0.11	0.09	0.13	0.14	0.13	0.11
177	0.32	0.26	0.13	0.19	0.18	0.12	0.18	0.25	0.26	0.13	0.18
178	0.29	0.37	0.25	0.29	0.54	0.25	0.25	0.35	0.32	0.2	0.18
179	0.45	0.34	0.26	0.38	0.28	0.23	0.27	0.37	0.4	0.28	0.37
180	0.29	0.27	0.16	0.19	0.18	0.16	0.2	0.28	0.29	0.14	0.23
181	0.39	0.43	0.39	0.56	0.21	0.34	0.34	0.44	0.5	0.39	0.31
182	0.71	0.58	0.53	0.73	0.39	0.58	0.47	0.62	0.66	0.49	0.3
183	0.68	0.7	0.56	0.65	0.44	0.54	0.58	0.73	0.61	0.62	0.44
184	0.23	0.27	0.16	0.19	0.21	0.17	0.22	0.26	0.29	0.16	0.2
185	0.58	0.27	0.16	0.27	0.27	0.18	0.2	0.27	0.26	0.13	0.18
186	0.42	0.36	0.24	0.42	0.23	0.28	0.28	0.39	0.37	0.23	0.23
187	0.32	0.3	0.22	0.37	0.18	0.16	0.21	0.32	0.33	0.23	0.26
188	0.45	0.31	0.23	0.38	0.25	0.2	0.34	0.38	0.35	0.2	0.25
189	0.03	0.01	0.01	0.06	0.25	0.02	0.02	0.02	0.02	0.2	0.01
190	0.61	0.61	0.51	0.71	0.44	0.55	0.54	0.6	0.5	0.45	0.37
191	0.39	0.48	0.42	0.58	0.41	0.55	0.49	0.6	0.52	0.28	0.25
192	0.32	0.31	0.23	0.23	0.2	0.24	0.29	0.43	0.39	0.2	0.19
193	0.23	0.3	0.16	0.25	0.21	0.24	0.22	0.28	0.3	0.14	0.2
194	0.58	0.49	0.61	0.75	0.41	0.41	0.45	0.67	0.74	1.0	0.45
195	0.16	0.02	0.06	0.12	0.06	0.04	0.09	0.1	0.15	0.13	0.45
196	1.0	0.56	0.43	0.92	0.45	0.51	0.57	0.62	0.63	0.46	0.39
197	1.0	0.13	0.13	0.12	0.03	0.23	0.14	0.12	0.16	0.07	0.04
198	0.65	0.55	0.5	0.6	0.34	0.68	0.41	0.56	0.59	0.42	0.3
199	0.03	0.09	0.1	0.1	0.07	0.13	0.1	0.09	0.06	0.01	0.01
200	0.03	0.06	0.04	0.06	0.03	0.12	0.05	0.08	0.04	0.03	0.01
201	0.61	0.53	0.38	0.56	0.35	0.46	0.46	0.56	0.49	0.32	0.27
202	0.39	0.39	0.27	0.58	0.28	0.32	0.3	0.39	0.36	0.22	0.19
203	0.1	0.14	0.16	0.42	0.1	0.24	0.14	0.14	0.09	0.1	0.01
204	0.32	0.3	0.2	0.38	0.21	0.18	0.28	0.34	0.35	0.19	0.2
205	0.32	0.0	0.03	0.02	0.21	0.02	0.02	0.05	0.02	0.03	0.01
206	0.71	0.57	0.32	0.69	0.51	0.63	0.47	0.57	0.48	0.32	0.31
207	0.58	0.48	0.35	0.5	0.25	0.56	0.36	0.52	0.42	0.26	0.31
208	0.58	0.05	0.08	0.08	0.01	0.1	0.07	0.08	0.02	0.04	0.07
209	0.39	0.26	0.16	0.19	0.28	0.12	0.21	0.26	0.28	0.14	0.18
210	0.35	0.36	0.3	0.38	0.21	0.33	0.24	0.38	0.33	0.2	0.18
211	0.29	0.11	0.12	0.15	0.13	0.18	0.12	0.11	0.13	0.03	0.01
212	0.1	0.06	0.05	0.08	0.03	0.02	0.13	0.07	0.04	0.03	0.02
213	0.23	0.26	0.17	0.23	0.2	0.14	0.22	0.27	0.33	0.17	0.2
214	0.29	0.27	0.16	0.25	0.21	0.13	0.2	0.28	0.28	0.14	0.24
215	0.29	0.33	0.18	0.29	0.25	0.22	0.25	0.28	0.3	0.14	0.19
216	0.06	0.07	0.05	0.12	0.03	0.17	0.01	0.05	0.02	0.01	0.19
217	0.52	0.46	0.37	0.56	0.31	0.45	0.4	0.51	0.52	0.29	0.31
218	0.39	0.43	0.32	0.48	0.25	0.17	0.33	0.39	0.46	0.32	0.36
219	0.39	0.02	0.01	0.04	0.25	0.05	0.01	0.01	0.46	0.01	0.36
220	0.13	0.12	0.14	0.15	0.08	0.06	0.14	0.14	0.16	0.17	0.04
221	0.45	0.43	0.31	0.31	0.31	0.24	0.41	0.44	0.5	0.39	0.37
222	0.29	0.43	0.31	0.42	0.25	0.3	0.34	0.41	0.43	0.28	0.3
223	0.35	0.38	0.29	0.38	0.25	0.25	0.29	0.39	0.47	0.33	0.33
224	0.29	0.28	0.15	0.25	0.2	0.15	0.2	0.29	0.29	0.13	0.18
225	0.23	0.29	0.17	0.19	0.2	0.14	0.19	0.27	0.27	0.13	0.18
226	0.35	0.35	0.24	0.27	0.24	0.2	0.27	0.36	0.4	0.25	0.25
227	0.03	0.04	0.03	0.12	0.06	0.06	0.05	0.05	0.02	0.25	0.02
228	0.29	0.31	0.17	0.25	0.2	0.14	0.21	0.29	0.29	0.14	0.18
229	0.52	0.47	0.34	0.5	0.31	0.28	0.38	0.49	0.45	0.3	0.45
230	0.42	0.34	0.21	0.33	0.24	0.24	0.28	0.34	0.32	0.16	0.29
231	0.35	0.28	0.22	0.35	0.21	0.13	0.23	0.33	0.32	0.16	0.2
232	0.32	0.3	0.19	0.21	0.23	0.17	0.24	0.28	0.33	0.2	0.19
233	0.68	0.47	0.39	0.5	0.46	0.31	0.38	0.47	0.51	0.29	0.33
234	0.77	0.68	0.49	0.67	0.52	0.8	0.57	0.68	0.51	0.43	0.26
235	0.03	0.13	0.09	0.67	0.04	0.07	0.04	0.07	0.05	0.07	0.04
236	0.06	0.02	0.04	0.02	0.03	0.02	0.03	0.04	0.09	0.07	0.01
237	0.06	0.1	0.17	0.23	0.01	0.13	0.12	0.15	0.21	0.26	0.07
238	0.39	0.36	0.33	0.37	0.32	0.24	0.33	0.41	0.44	0.38	0.3
239	0.32	0.3	0.23	0.27	0.21	0.24	0.27	0.36	0.41	0.29	0.19
240	0.55	0.38	0.51	0.5	0.25	0.22	0.37	0.55	0.62	0.94	0.46
241	0.39	0.35	0.47	0.46	0.23	0.15	0.33	0.42	0.47	0.62	0.45
242	0.32	0.37	0.52	0.48	0.21	0.18	0.34	0.47	0.58	0.77	0.44
243	0.32	0.0	0.01	0.48	0.21	0.01	0.34	0.01	0.02	0.01	0.01
244	0.32	0.04	0.05	0.19	0.03	0.06	0.05	0.05	0.02	0.17	0.06
245	0.48	0.58	0.33	0.46	0.31	0.37	0.32	0.47	0.44	0.23	0.38
246	0.71	0.54	0.49	0.75	0.62	0.36	0.64	0.62	0.54	0.39	0.29
247	0.03	0.03	0.08	0.25	0.13	0.01	0.06	0.07	0.05	0.04	0.02
248	0.26	0.27	0.21	0.27	0.25	0.15	0.2	0.29	0.3	0.19	0.23
249	0.39	0.29	0.23	0.35	0.23	0.16	0.2	0.3	0.31	0.26	0.39
250	0.35	0.52	0.64	0.48	0.24	0.19	0.29	0.47	0.6	0.62	0.7
251	0.61	0.35	0.34	0.46	0.35	0.17	0.38	0.46	0.43	0.3	0.3
252	0.1	0.09	0.13	0.1	0.01	0.03	0.12	0.11	0.06	0.16	0.29
253	0.32	0.29	0.16	0.21	0.18	0.15	0.21	0.27	0.29	0.13	0.23
254	0.39	0.49	0.49	0.54	0.21	0.19	0.46	0.52	0.6	0.71	0.55
255	0.45	0.35	0.38	0.4	0.28	0.19	0.22	0.36	0.39	0.38	0.75
256	0.35	0.46	0.5	0.54	0.25	0.19	0.3	0.42	0.47	0.57	0.7
257	0.35	0.38	0.32	0.44	0.21	0.14	0.2	0.34	0.36	0.51	0.56
258	0.29	0.3	0.18	0.25	0.2	0.13	0.3	0.29	0.3	0.14	0.19
259	0.32	0.31	0.23	0.27	0.61	0.14	0.24	0.3	0.3	0.22	0.21
260	0.23	0.41	0.46	0.35	0.21	0.18	0.28	0.39	0.49	0.46	0.39
261	0.19	0.12	0.08	0.1	0.21	0.05	0.15	0.07	0.07	0.03	0.05
262	0.23	0.4	0.47	0.46	0.28	0.21	0.28	0.36	0.47	0.46	0.68
263	0.32	0.28	0.15	0.19	0.21	0.12	0.21	0.29	0.29	0.13	0.19
264	0.39	0.48	0.64	0.58	0.28	0.18	0.25	0.48	0.38	0.64	0.77
265	0.23	0.35	0.46	0.42	0.18	0.18	0.2	0.35	0.33	0.45	0.48
266	0.45	0.53	0.74	0.62	0.41	0.36	0.38	0.49	0.57	0.64	1.0
267	0.45	0.08	0.09	0.1	0.11	0.07	0.08	0.07	0.13	0.04	0.21
268	0.23	0.41	0.34	0.42	0.18	0.17	0.21	0.32	0.41	0.39	0.54
269	0.35	0.38	0.51	0.4	0.24	0.2	0.32	0.41	0.39	0.46	0.61
270	0.23	0.19	0.21	0.37	0.39	0.15	0.36	0.3	0.21	0.14	0.04
271	0.32	0.45	0.44	0.5	1.0	0.24	0.8	0.58	0.34	0.33	0.13
272	0.32	0.27	0.33	0.31	0.59	0.14	0.59	0.36	0.24	0.25	0.06
273	0.32	0.27	0.33	0.31	0.59	0.14	0.59	0.01	0.24	0.25	0.06
274	0.32	0.27	0.01	0.31	0.59	0.0	0.02	0.02	0.02	0.01	0.06
275	0.23	0.05	0.05	0.02	0.06	0.03	0.22	0.12	0.01	0.04	0.06
276	0.29	0.13	0.17	0.19	0.13	0.06	0.28	0.16	0.07	0.07	0.06
277	0.42	0.06	0.07	0.1	0.14	0.02	0.28	0.14	0.06	0.07	0.06
278	0.32	0.36	0.3	0.38	0.62	0.15	0.69	0.42	0.22	0.19	0.06
279	0.1	0.03	0.03	0.06	0.06	0.01	0.05	0.03	0.04	0.01	0.06
280	0.1	0.03	0.02	0.04	0.04	0.0	0.05	0.04	0.01	0.01	0.06
281	0.32	0.35	0.19	0.27	0.21	0.14	0.3	0.35	0.31	0.17	0.21
282	0.32	0.27	0.17	0.21	0.18	0.12	0.22	0.31	0.28	0.17	0.18
283	1.0	0.8	0.51	0.9	0.65	0.49	0.85	0.68	0.57	0.32	0.3
284	0.35	0.42	0.36	0.73	0.41	0.23	0.53	0.49	0.47	0.3	0.21
285	0.35	0.42	0.36	0.73	0.41	0.23	0.53	0.47	0.47	0.3	0.21
286	0.16	0.22	0.25	0.58	0.25	0.11	0.42	0.26	0.23	0.2	0.04
287	0.52	0.56	0.43	0.46	0.58	0.24	0.65	0.53	0.4	0.29	0.2
288	0.39	0.4	0.38	0.52	0.44	0.28	0.43	0.49	0.46	0.33	0.23
289	0.61	0.62	0.53	0.79	0.45	0.33	0.72	0.59	0.44	0.39	0.27
290	0.61	0.01	0.01	0.79	0.03	0.02	0.01	0.01	0.44	0.03	0.27
291	0.13	0.07	0.01	0.02	0.03	0.01	0.04	0.04	0.44	0.03	0.27
292	0.06	0.34	0.28	0.44	0.21	0.13	0.56	0.3	0.1	0.14	0.07
293	0.32	0.27	0.13	0.19	0.18	0.12	0.2	0.27	0.26	0.13	0.18
294	0.29	0.3	0.18	0.23	0.27	0.12	0.28	0.3	0.29	0.16	0.2
295	0.03	0.0	0.01	0.08	0.27	0.01	0.01	0.03	0.04	0.01	0.2
296	0.55	0.42	0.32	0.38	0.32	0.16	0.39	0.4	0.33	0.25	0.21
297	0.35	0.31	0.23	0.37	0.23	0.14	0.26	0.33	0.3	0.19	0.25
298	0.35	0.31	0.23	0.37	0.23	0.14	0.26	0.33	0.3	0.19	0.25
299	0.42	0.37	0.24	0.33	0.25	0.15	0.41	0.34	0.3	0.17	0.19
300	0.42	0.37	0.02	0.33	0.13	0.0	0.01	0.01	0.01	0.01	0.19
301	0.42	0.02	0.0	0.33	0.13	0.01	0.01	0.01	0.01	0.01	0.01
302	0.06	0.01	0.0	0.02	0.13	0.03	0.01	0.01	0.01	0.01	0.02
303	0.35	0.3	0.13	0.21	0.21	0.12	0.21	0.26	0.28	0.13	0.19
304	0.23	0.01	0.04	0.04	0.07	0.06	0.04	0.05	0.03	0.01	0.19
305	0.58	0.47	0.55	0.54	0.31	0.26	0.25	0.45	0.42	0.55	0.63
306	0.58	0.09	0.12	0.08	0.31	0.07	0.01	0.07	0.12	0.16	0.14
307	0.35	0.42	0.28	0.46	0.31	0.38	0.3	0.42	0.41	0.25	0.24
308	0.35	0.33	0.2	0.27	0.21	0.13	0.2	0.3	0.27	0.25	0.31
309	0.35	0.03	0.03	0.02	0.03	0.02	0.01	0.01	0.06	0.03	0.04
310	0.97	1.0	1.0	1.0	0.68	0.6	1.0	1.0	1.0	0.81	0.69
311	0.97	0.03	0.02	0.02	0.03	0.6	0.01	0.01	0.01	0.81	0.01
312	0.42	0.12	0.16	0.06	0.08	0.06	0.19	0.13	0.2	0.03	0.07
313	0.35	0.26	0.16	0.21	0.24	0.12	0.22	0.28	0.29	0.14	0.19
314	0.03	0.03	0.01	0.02	0.01	0.0	0.01	0.01	0.02	0.14	0.01
315	0.35	0.19	0.11	0.38	0.1	0.27	0.1	0.14	0.19	0.07	0.05
316	0.35	0.19	0.11	0.38	0.1	0.27	0.1	0.01	0.19	0.07	0.05
317	0.35	0.19	0.11	0.38	0.04	0.27	0.1	0.0	0.19	0.07	0.05
318	0.03	0.01	0.03	0.02	0.03	0.01	0.06	0.03	0.01	0.01	0.01
319	0.1	0.03	0.04	0.1	0.03	0.03	0.17	0.08	0.04	0.07	0.01
320	0.32	0.26	0.13	0.19	0.2	0.11	0.18	0.25	0.26	0.13	0.18
321	0.32	0.26	0.13	0.19	0.2	0.11	0.18	0.25	0.26	0.13	0.18
322	0.39	0.14	0.06	0.33	0.18	0.1	0.07	0.11	0.08	0.13	0.18
323	0.26	0.42	0.33	0.46	0.24	0.15	0.2	0.33	0.41	0.35	0.48
324	0.26	0.01	0.05	0.06	0.24	0.01	0.01	0.02	0.01	0.35	0.04
325	0.23	0.42	0.38	0.44	0.2	0.14	0.2	0.33	0.41	0.49	0.57
326	0.23	0.02	0.06	0.06	0.2	0.0	0.05	0.05	0.01	0.1	0.15
327	0.39	0.37	0.42	0.52	0.24	0.19	0.36	0.43	0.57	0.64	0.49
328	0.42	0.4	0.33	0.44	0.25	0.15	0.26	0.38	0.38	0.35	0.39
329	0.61	0.51	0.54	0.58	0.37	0.25	0.38	0.48	0.51	0.67	0.64
330	0.32	0.5	0.5	0.48	0.23	0.18	0.28	0.42	0.52	0.48	0.6
331	0.29	0.44	0.49	0.46	0.28	0.22	0.31	0.43	0.39	0.33	0.4
332	0.23	0.38	0.39	0.48	0.24	0.15	0.24	0.34	0.33	0.39	0.52
333	0.35	0.52	0.81	0.73	0.3	0.24	0.44	0.62	0.65	0.87	0.7
334	0.03	0.08	0.09	0.12	0.01	0.02	0.03	0.06	0.08	0.16	0.11
335	0.39	0.42	0.5	0.5	0.21	0.18	0.3	0.4	0.38	0.54	0.64
336	0.39	0.43	0.45	0.44	0.27	0.17	0.25	0.38	0.42	0.55	0.57
337	0.32	0.41	0.63	0.48	0.2	0.2	0.29	0.4	0.42	0.61	0.56
338	0.35	0.37	0.44	0.52	0.28	0.16	0.25	0.38	0.36	0.49	0.42
339	0.48	0.53	0.65	0.58	0.25	0.26	0.25	0.46	0.57	0.71	0.75
340	0.23	0.31	0.28	0.38	0.2	0.13	0.25	0.32	0.34	0.39	0.32
341	0.23	0.31	0.31	0.37	0.23	0.13	0.22	0.32	0.32	0.41	0.36
342	0.39	0.44	0.36	0.73	0.44	0.23	0.54	0.5	0.47	0.3	0.21
343	0.32	0.27	0.22	0.25	0.52	0.13	0.23	0.3	0.29	0.16	0.19
344	0.35	0.29	0.18	0.37	0.21	0.16	0.26	0.33	0.31	0.16	0.19
345	0.42	0.31	0.25	0.33	0.46	0.17	0.28	0.33	0.32	0.19	0.18
346	0.42	0.35	0.23	0.33	0.23	0.25	0.26	0.36	0.35	0.19	0.23
347	0.32	0.34	0.19	0.29	0.27	0.15	0.28	0.3	0.29	0.14	0.26
348	0.39	0.36	0.29	0.5	0.92	0.18	0.34	0.37	0.3	0.17	0.2
349	0.29	0.25	0.18	0.19	0.34	0.13	0.22	0.28	0.28	0.16	0.18
350	0.52	0.54	0.58	0.52	0.35	0.29	0.39	0.51	0.56	0.55	0.83
351	0.32	0.28	0.19	0.23	0.32	0.14	0.23	0.35	0.3	0.17	0.18
352	0.32	0.25	0.16	0.23	0.35	0.12	0.2	0.31	0.28	0.14	0.18
353	0.45	0.35	0.3	0.44	0.62	0.2	0.35	0.43	0.35	0.26	0.31
354	0.35	0.3	0.19	0.25	0.35	0.16	0.28	0.35	0.31	0.19	0.18
355	0.32	0.26	0.17	0.21	0.39	0.12	0.2	0.27	0.27	0.19	0.19
356	0.35	0.36	0.23	0.35	0.35	0.16	0.31	0.36	0.34	0.22	0.29
357	0.39	0.26	0.17	0.25	0.28	0.13	0.24	0.3	0.28	0.14	0.18
358	0.32	0.26	0.13	0.19	0.24	0.11	0.19	0.26	0.27	0.13	0.18
359	0.42	0.38	0.26	0.29	0.42	0.15	0.36	0.36	0.32	0.22	0.2
360	0.35	0.27	0.17	0.27	0.28	0.12	0.22	0.3	0.29	0.16	0.18
361	0.23	0.25	0.14	0.19	0.27	0.11	0.18	0.25	0.26	0.13	0.18
362	0.68	0.51	0.43	0.75	0.41	0.25	0.41	0.49	0.46	0.43	0.44
363	0.68	0.07	0.04	0.02	0.01	0.05	0.04	0.03	0.05	0.04	0.1
364	0.52	0.66	0.61	0.75	0.63	0.45	0.66	0.74	0.67	0.49	0.35
365	0.32	0.26	0.13	0.19	0.2	0.11	0.19	0.24	0.26	0.13	0.18
366	0.35	0.28	0.19	0.23	0.23	0.13	0.31	0.39	0.36	0.2	0.18
367	0.42	0.26	0.14	0.19	0.24	0.11	0.22	0.27	0.26	0.13	0.18
368	0.35	0.43	0.49	0.5	0.32	0.2	0.37	0.49	0.51	0.59	0.38
369	0.35	0.3	0.27	0.37	0.23	0.14	0.22	0.32	0.31	0.35	0.24
370	0.32	0.27	0.15	0.21	0.2	0.12	0.22	0.27	0.3	0.16	0.18
371	0.45	0.45	0.35	0.44	0.39	0.19	0.48	0.44	0.35	0.2	0.19
372	0.39	0.25	0.14	0.19	0.2	0.12	0.21	0.26	0.26	0.16	0.18
373	0.68	0.59	0.53	0.48	0.69	0.34	0.83	0.67	0.5	0.48	0.27
374	0.16	0.18	0.18	0.23	0.27	0.1	0.35	0.2	0.08	0.13	0.01
375	0.26	0.39	0.44	0.46	0.21	0.19	0.25	0.35	0.37	0.46	0.43
376	0.26	0.05	0.14	0.1	0.21	0.0	0.01	0.04	0.04	0.14	0.1
377	0.23	0.25	0.13	0.19	0.18	0.12	0.18	0.24	0.26	0.13	0.18
378	0.23	0.32	0.22	0.27	0.18	0.12	0.2	0.28	0.32	0.32	0.39
379	0.23	0.28	0.16	0.19	0.18	0.12	0.26	0.29	0.33	0.2	0.18
380	0.32	0.35	0.3	0.29	0.38	0.25	0.33	0.42	0.42	0.3	0.36
381	0.23	0.39	0.36	0.44	0.23	0.14	0.25	0.35	0.39	0.49	0.61
382	0.32	0.26	0.13	0.19	0.2	0.11	0.19	0.25	0.26	0.13	0.18
383	0.06	0.03	0.0	0.06	0.03	0.02	0.02	0.03	0.02	0.13	0.01
384	0.13	0.15	0.12	0.21	0.11	0.08	0.15	0.09	0.23	0.14	0.08
385	0.13	0.03	0.09	0.1	0.01	0.02	0.01	0.04	0.04	0.23	0.12
386	0.45	0.14	0.11	0.08	0.11	0.12	0.28	0.18	0.2	0.12	0.04
387	0.32	0.27	0.15	0.25	0.25	0.12	0.19	0.3	0.29	0.16	0.18
388	0.45	0.33	0.19	0.23	0.27	0.18	0.25	0.31	0.33	0.2	0.18
389	0.45	0.33	0.0	0.23	0.27	0.18	0.25	0.31	0.33	0.2	0.18
390	0.06	0.13	0.11	0.1	0.01	0.05	0.17	0.15	0.2	0.17	0.04
391	0.32	0.32	0.25	0.21	0.21	0.16	0.3	0.38	0.4	0.25	0.26
392	0.32	0.07	0.1	0.21	0.21	0.02	0.01	0.04	0.03	0.16	0.21
393	0.32	0.05	0.03	0.02	0.21	0.03	0.03	0.03	0.11	0.07	0.21
394	0.35	0.29	0.21	0.37	0.18	0.13	0.24	0.32	0.32	0.3	0.24
395	0.42	0.35	0.22	0.35	0.24	0.16	0.27	0.31	0.27	0.26	0.24
396	0.42	0.3	0.26	0.29	0.3	0.17	0.35	0.39	0.41	0.23	0.21
397	0.06	0.06	0.12	0.29	0.01	0.06	0.12	0.15	0.14	0.28	0.07
398	0.23	0.26	0.13	0.19	0.18	0.12	0.22	0.24	0.28	0.13	0.18
399	0.29	0.04	0.04	0.06	0.07	0.02	0.03	0.03	0.03	0.06	0.06
400	0.29	0.04	0.04	0.06	0.07	0.02	0.02	0.0	0.03	0.06	0.06
401	0.29	0.01	0.02	0.06	0.07	0.01	0.02	0.02	0.01	0.01	0.06
402	0.19	0.06	0.06	0.17	0.15	0.04	0.12	0.05	0.02	0.04	0.01
403	0.23	0.25	0.13	0.19	0.18	0.11	0.18	0.24	0.26	0.13	0.18
404	0.1	0.07	0.11	0.1	0.04	0.04	0.16	0.12	0.05	0.13	0.06
405	0.1	0.1	0.15	0.29	0.08	0.08	0.09	0.12	0.06	0.19	0.1
408	0.23	0.26	0.13	0.19	0.18	0.11	0.18	0.24	0.26	0.13	0.18
409	0.32	0.25	0.16	0.19	0.24	0.12	0.2	0.25	0.27	0.14	0.18
410	0.23	0.25	0.13	0.19	0.18	0.11	0.18	0.23	0.26	0.13	0.18
411	0.35	0.27	0.14	0.19	0.18	0.12	0.2	0.27	0.26	0.2	0.19
412	0.42	0.28	0.17	0.19	0.23	0.13	0.21	0.28	0.28	0.13	0.18
413	0.23	0.25	0.13	0.19	0.18	0.11	0.18	0.24	0.26	0.13	0.18
414	0.23	0.25	0.13	0.19	0.18	0.11	0.18	0.24	0.26	0.13	0.18
415	0.48	0.31	0.29	0.38	0.3	0.19	0.28	0.35	0.32	0.3	0.25
416	0.32	0.25	0.13	0.19	0.18	0.11	0.18	0.25	0.26	0.13	0.18
417	0.32	0.25	0.13	0.19	0.18	0.11	0.18	0.26	0.26	0.13	0.18
418	0.23	0.27	0.23	0.33	0.18	0.12	0.18	0.28	0.3	0.3	0.21
419	0.03	0.03	0.03	0.13	0.18	0.12	0.01	0.01	0.02	0.3	0.21
421	0.23	0.25	0.13	0.19	0.18	0.11	0.18	0.26	0.26	0.13	0.18
422	0.23	0.25	0.13	0.19	0.18	0.11	0.18	0.24	0.26	0.13	0.18
423	0.26	0.32	0.25	0.23	0.3	0.13	0.31	0.36	0.36	0.29	0.26
424	0.23	0.25	0.13	0.19	0.18	0.11	0.18	0.23	0.26	0.13	0.18
425	0.23	0.25	0.13	0.19	0.18	0.11	0.18	0.24	0.26	0.13	0.18
426	0.32	0.32	0.3	0.42	0.18	0.15	0.21	0.3	0.3	0.32	0.43
427	0.23	0.25	0.13	0.19	0.18	0.11	0.18	0.24	0.26	0.13	0.18
428	0.23	0.25	0.13	0.19	0.18	0.11	0.18	0.23	0.26	0.13	0.18
429	0.32	0.25	0.13	0.19	0.18	0.11	0.18	0.26	0.26	0.13	0.18
430	0.32	0.25	0.13	0.21	0.21	0.11	0.19	0.26	0.26	0.13	0.18
431	0.23	0.25	0.14	0.21	0.18	0.11	0.18	0.24	0.26	0.13	0.2
432	0.23	0.25	0.13	0.19	0.18	0.11	0.18	0.23	0.26	0.13	0.18
433	0.23	0.25	0.13	0.19	0.18	0.11	0.18	0.25	0.26	0.13	0.18
434	0.23	0.25	0.13	0.21	0.18	0.11	0.18	0.23	0.26	0.13	0.18
435	0.23	0.25	0.14	0.19	0.18	0.11	0.19	0.24	0.27	0.13	0.18
436	0.23	0.25	0.13	0.19	0.18	0.11	0.18	0.24	0.26	0.13	0.18
437	0.32	0.25	0.13	0.19	0.18	0.11	0.18	0.24	0.26	0.13	0.18
438	0.23	0.25	0.13	0.19	0.18	0.11	0.18	0.24	0.26	0.13	0.18
439	0.32	0.25	0.13	0.19	0.18	0.11	0.18	0.26	0.26	0.13	0.18
440	0.23	0.25	0.13	0.19	0.18	0.11	0.18	0.24	0.26	0.13	0.18
441	0.42	0.3	0.17	0.25	0.25	0.14	0.19	0.29	0.3	0.14	0.18
442	0.23	0.25	0.13	0.19	0.18	0.11	0.18	0.24	0.26	0.13	0.18
443	0.32	0.25	0.13	0.19	0.18	0.11	0.18	0.24	0.26	0.13	0.18
444	0.23	0.3	0.29	0.42	0.18	0.12	0.2	0.3	0.29	0.35	0.42
445	0.23	0.33	0.38	0.44	0.18	0.13	0.25	0.33	0.36	0.46	0.44
446	0.23	0.25	0.13	0.19	0.18	0.11	0.18	0.24	0.26	0.13	0.18
447	0.23	0.25	0.13	0.19	0.18	0.11	0.18	0.24	0.26	0.13	0.18
448	0.29	0.25	0.13	0.19	0.18	0.11	0.18	0.24	0.26	0.13	0.18
449	0.32	0.26	0.13	0.19	0.18	0.11	0.18	0.25	0.26	0.13	0.18
450	0.23	0.27	0.17	0.21	0.18	0.12	0.18	0.26	0.35	0.28	0.24
451	0.23	0.25	0.13	0.19	0.18	0.11	0.18	0.23	0.27	0.13	0.19
452	0.32	0.27	0.16	0.23	0.2	0.12	0.22	0.31	0.35	0.2	0.18
453	0.23	0.25	0.13	0.19	0.18	0.11	0.18	0.23	0.26	0.13	0.18
454	0.23	0.25	0.13	0.19	0.18	0.11	0.18	0.24	0.26	0.13	0.18
455	0.32	0.25	0.13	0.19	0.18	0.11	0.18	0.25	0.26	0.13	0.18
456	0.23	0.25	0.13	0.19	0.18	0.11	0.18	0.24	0.26	0.13	0.18
457	0.32	0.25	0.13	0.19	0.18	0.11	0.18	0.25	0.26	0.13	0.18
458	0.23	0.25	0.13	0.19	0.18	0.11	0.18	0.23	0.26	0.13	0.18
459	0.23	0.25	0.13	0.19	0.18	0.11	0.18	0.23	0.26	0.13	0.18
460	0.23	0.25	0.13	0.19	0.18	0.11	0.18	0.23	0.26	0.13	0.18
461	0.23	0.25	0.13	0.19	0.18	0.11	0.18	0.23	0.26	0.13	0.18
462	0.23	0.25	0.13	0.19	0.18	0.11	0.18	0.23	0.26	0.13	0.18
463	0.23	0.25	0.13	0.19	0.18	0.11	0.18	0.23	0.26	0.13	0.18
464	0.23	0.25	0.13	0.19	0.18	0.11	0.18	0.23	0.26	0.13	0.18
465	0.23	0.25	0.13	0.19	0.18	0.11	0.18	0.23	0.26	0.13	0.18
466	0.23	0.25	0.13	0.19	0.18	0.11	0.18	0.24	0.26	0.13	0.18
467	0.23	0.25	0.13	0.19	0.18	0.11	0.18	0.23	0.26	0.13	0.18
468	0.23	0.25	0.13	0.19	0.18	0.11	0.18	0.23	0.26	0.13	0.18
469	0.23	0.25	0.13	0.19	0.18	0.11	0.18	0.24	0.26	0.13	0.18
470	0.23	0.25	0.13	0.19	0.18	0.11	0.18	0.23	0.26	0.13	0.18
471	0.23	0.25	0.13	0.19	0.18	0.11	0.18	0.23	0.26	0.13	0.18
472	0.23	0.25	0.13	0.19	0.18	0.11	0.18	0.24	0.26	0.13	0.18
473	0.23	0.26	0.13	0.19	0.18	0.11	0.18	0.24	0.26	0.13	0.18
474	0.23	0.25	0.13	0.19	0.18	0.11	0.18	0.24	0.26	0.13	0.18
475	0.23	0.25	0.13	0.19	0.18	0.11	0.18	0.24	0.26	0.13	0.18
476	0.32	0.25	0.13	0.19	0.18	0.11	0.18	0.24	0.26	0.13	0.18
477	0.23	0.25	0.13	0.19	0.18	0.11	0.18	0.23	0.26	0.13	0.18
478	0.23	0.25	0.13	0.19	0.18	0.11	0.18	0.24	0.26	0.13	0.18
480	0.23	0.25	0.13	0.19	0.18	0.11	0.18	0.23	0.26	0.13	0.18
481	0.23	0.25	0.13	0.19	0.18	0.11	0.18	0.23	0.26	0.13	0.18
482	0.32	0.25	0.13	0.19	0.18	0.11	0.18	0.24	0.26	0.13	0.18
484	0.32	0.25	0.13	0.19	0.18	0.11	0.18	0.24	0.26	0.13	0.18
485	0.32	0.25	0.13	0.19	0.18	0.11	0.18	0.24	0.26	0.13	0.18
486	0.23	0.25	0.13	0.19	0.18	0.11	0.18	0.23	0.26	0.13	0.18
487	0.1	0.03	0.0	0.19	0.18	0.11	0.18	0.02	0.26	0.13	0.18
488	0.1	0.03	0.0	0.19	0.18	0.11	0.18	0.0	0.26	0.13	0.18
489	0.23	0.25	0.13	0.19	0.18	0.11	0.18	0.24	0.26	0.13	0.18
490	0.23	0.25	0.13	0.19	0.18	0.11	0.18	0.23	0.26	0.13	0.18
491	0.23	0.25	0.13	0.19	0.18	0.11	0.18	0.24	0.26	0.13	0.18
492	0.23	0.25	0.13	0.19	0.18	0.11	0.18	0.24	0.26	0.13	0.18
493	0.23	0.25	0.13	0.19	0.18	0.11	0.18	0.24	0.26	0.13	0.18
494	0.23	0.25	0.13	0.19	0.18	0.11	0.18	0.24	0.26	0.13	0.18
495	0.23	0.25	0.13	0.19	0.18	0.11	0.18	0.0	0.26	0.13	0.18
496	0.32	0.25	0.13	0.19	0.18	0.11	0.18	0.25	0.26	0.13	0.18
497	0.29	0.25	0.13	0.19	0.18	0.11	0.18	0.24	0.26	0.13	0.18
498	0.23	0.25	0.13	0.19	0.18	0.11	0.18	0.24	0.26	0.13	0.18
499	0.23	0.26	0.13	0.19	0.18	0.11	0.18	0.24	0.26	0.13	0.18
500	0.23	0.25	0.13	0.19	0.18	0.11	0.18	0.24	0.26	0.13	0.18
501	0.23	0.25	0.13	0.19	0.18	0.11	0.18	0.0	0.26	0.13	0.18
502	0.06	0.25	0.13	0.19	0.18	0.11	0.18	0.01	0.26	0.13	0.18
503	0.06	0.25	0.13	0.19	0.18	0.11	0.18	0.0	0.26	0.13	0.18
504	0.1	0.25	0.13	0.19	0.18	0.11	0.18	0.01	0.26	0.13	0.18
505	0.32	0.25	0.13	0.19	0.18	0.11	0.18	0.24	0.26	0.13	0.18
506	0.32	0.25	0.13	0.19	0.18	0.11	0.18	0.0	0.26	0.13	0.18
507	0.32	0.25	0.13	0.19	0.18	0.11	0.18	0.0	0.26	0.13	0.18
508	0.23	0.25	0.13	0.19	0.18	0.11	0.18	0.24	0.26	0.13	0.18
509	0.06	0.25	0.13	0.19	0.18	0.11	0.18	0.01	0.26	0.13	0.18
510	0.06	0.25	0.13	0.19	0.18	0.11	0.18	0.01	0.26	0.13	0.18
511	0.06	0.25	0.13	0.19	0.18	0.11	0.18	0.0	0.26	0.13	0.18
512	0.06	0.25	0.13	0.19	0.18	0.11	0.18	0.0	0.26	0.13	0.18
513	0.06	0.25	0.13	0.19	0.18	0.11	0.18	0.0	0.26	0.13	0.18
514	0.06	0.25	0.13	0.19	0.18	0.11	0.18	0.0	0.26	0.13	0.18
515	0.06	0.25	0.13	0.19	0.18	0.11	0.18	0.0	0.26	0.13	0.18
516	0.06	0.25	0.13	0.19	0.18	0.11	0.18	0.0	0.26	0.13	0.18
517	0.23	0.25	0.13	0.19	0.18	0.11	0.18	0.24	0.26	0.13	0.18
518	0.23	0.25	0.13	0.19	0.18	0.11	0.18	0.24	0.26	0.13	0.18
519	0.29	0.25	0.13	0.19	0.18	0.11	0.18	0.24	0.26	0.13	0.18
520	0.29	0.25	0.13	0.19	0.18	0.11	0.18	0.0	0.26	0.13	0.18
521	0.06	0.25	0.13	0.19	0.18	0.11	0.18	0.01	0.26	0.13	0.18
522	0.32	0.25	0.13	0.19	0.18	0.11	0.18	0.24	0.26	0.13	0.18
523	0.23	0.25	0.14	0.19	0.18	0.11	0.18	0.24	0.26	0.13	0.18
524	0.23	0.25	0.13	0.19	0.18	0.11	0.18	0.24	0.26	0.13	0.18
525	0.23	0.25	0.13	0.19	0.18	0.11	0.18	0.24	0.26	0.13	0.18
526	0.23	0.25	0.13	0.19	0.18	0.11	0.18	0.24	0.26	0.13	0.18
527	0.23	0.25	0.13	0.19	0.18	0.11	0.18	0.24	0.26	0.13	0.18
528	0.06	0.25	0.13	0.19	0.18	0.11	0.18	0.01	0.26	0.13	0.18
529	0.23	0.25	0.13	0.19	0.18	0.11	0.18	0.24	0.26	0.13	0.18
530	0.26	0.25	0.13	0.19	0.18	0.11	0.18	0.25	0.26	0.13	0.18
531	0.26	0.25	0.13	0.19	0.18	0.11	0.18	0.0	0.26	0.13	0.18
532	0.06	0.25	0.13	0.19	0.18	0.11	0.18	0.01	0.26	0.13	0.18
533	0.29	0.25	0.13	0.19	0.18	0.11	0.18	0.24	0.26	0.13	0.18
534	0.23	0.25	0.13	0.19	0.18	0.11	0.18	0.24	0.26	0.13	0.18
535	0.23	0.25	0.13	0.19	0.18	0.11	0.18	0.24	0.26	0.13	0.18
536	0.23	0.25	0.13	0.19	0.18	0.11	0.18	0.0	0.26	0.13	0.18
537	0.23	0.25	0.13	0.19	0.18	0.11	0.18	0.0	0.26	0.13	0.18
538	0.1	0.25	0.13	0.19	0.18	0.11	0.18	0.01	0.26	0.13	0.18
539	0.23	0.25	0.13	0.19	0.18	0.11	0.18	0.24	0.26	0.13	0.18
540	0.32	0.27	0.21	0.23	0.18	0.12	0.18	0.27	0.26	0.17	0.24
541	0.23	0.25	0.13	0.19	0.18	0.11	0.18	0.24	0.26	0.13	0.18
542	0.23	0.25	0.13	0.19	0.18	0.11	0.18	0.24	0.26	0.13	0.18
543	0.23	0.25	0.13	0.19	0.18	0.11	0.18	0.0	0.26	0.13	0.18
544	0.23	0.25	0.13	0.19	0.18	0.11	0.18	0.0	0.26	0.13	0.18
545	0.23	0.25	0.13	0.19	0.18	0.11	0.18	0.0	0.26	0.13	0.18
546	0.23	0.25	0.13	0.19	0.18	0.11	0.18	0.0	0.26	0.13	0.18
547	0.23	0.25	0.13	0.19	0.18	0.11	0.18	0.24	0.26	0.13	0.18
548	0.23	0.25	0.13	0.19	0.18	0.11	0.18	0.24	0.26	0.13	0.18
549	0.23	0.25	0.13	0.19	0.18	0.11	0.18	0.0	0.26	0.13	0.18
550	0.23	0.25	0.13	0.19	0.18	0.11	0.18	0.0	0.26	0.13	0.18
551	0.23	0.25	0.13	0.19	0.18	0.11	0.18	0.0	0.26	0.13	0.18
552	0.23	0.25	0.13	0.19	0.18	0.11	0.18	0.0	0.26	0.13	0.18
553	0.06	0.25	0.13	0.19	0.18	0.11	0.18	0.01	0.26	0.13	0.18
554	0.06	0.25	0.13	0.19	0.18	0.11	0.18	0.01	0.26	0.13	0.18
555	0.23	0.25	0.13	0.19	0.18	0.11	0.18	0.24	0.26	0.13	0.18
556	0.23	0.25	0.13	0.19	0.18	0.11	0.18	0.0	0.26	0.13	0.18
557	0.23	0.25	0.13	0.19	0.18	0.11	0.18	0.24	0.26	0.13	0.18
558	0.1	0.25	0.13	0.19	0.18	0.11	0.18	0.01	0.26	0.13	0.18
559	0.23	0.25	0.13	0.19	0.18	0.11	0.18	0.24	0.26	0.13	0.18
560	0.23	0.25	0.13	0.19	0.18	0.11	0.18	0.0	0.26	0.13	0.18
561	0.32	0.28	0.17	0.25	0.21	0.14	0.2	0.29	0.33	0.16	0.19
562	0.1	0.28	0.17	0.25	0.21	0.14	0.2	0.01	0.33	0.16	0.19
563	0.1	0.28	0.17	0.25	0.21	0.14	0.2	0.01	0.33	0.16	0.19
564	0.32	0.25	0.13	0.19	0.18	0.11	0.18	0.24	0.26	0.13	0.18
565	0.32	0.25	0.13	0.19	0.18	0.11	0.18	0.0	0.26	0.13	0.18
566	0.1	0.25	0.13	0.19	0.18	0.11	0.18	0.01	0.26	0.13	0.18
567	0.06	0.25	0.13	0.19	0.18	0.11	0.18	0.01	0.26	0.13	0.18
568	0.1	0.25	0.13	0.19	0.18	0.11	0.18	0.01	0.26	0.13	0.18
569	0.23	0.25	0.13	0.19	0.18	0.11	0.18	0.24	0.26	0.13	0.18
570	0.23	0.25	0.13	0.19	0.18	0.11	0.18	0.24	0.26	0.13	0.18
571	0.23	0.25	0.13	0.19	0.18	0.11	0.18	0.0	0.26	0.13	0.18
572	0.23	0.25	0.13	0.19	0.18	0.11	0.18	0.24	0.26	0.13	0.18
573	0.32	0.25	0.13	0.19	0.18	0.11	0.18	0.24	0.26	0.13	0.18
574	0.23	0.25	0.13	0.19	0.18	0.11	0.18	0.24	0.26	0.13	0.18
575	0.23	0.25	0.13	0.19	0.18	0.11	0.18	0.24	0.26	0.13	0.18
576	0.32	0.25	0.13	0.19	0.18	0.11	0.18	0.24	0.26	0.13	0.18
577	0.32	0.25	0.13	0.19	0.18	0.11	0.18	0.0	0.26	0.13	0.18
578	0.23	0.26	0.13	0.19	0.18	0.11	0.18	0.24	0.26	0.13	0.18
579	0.23	0.26	0.13	0.19	0.18	0.11	0.18	0.0	0.26	0.13	0.18
580	0.1	0.26	0.13	0.19	0.18	0.11	0.18	0.01	0.26	0.13	0.18
581	0.1	0.26	0.13	0.19	0.18	0.11	0.18	0.0	0.26	0.13	0.18
582	0.23	0.25	0.13	0.19	0.18	0.11	0.18	0.24	0.26	0.13	0.18
583	0.23	0.25	0.13	0.19	0.18	0.11	0.18	0.24	0.26	0.13	0.18
584	0.23	0.25	0.13	0.19	0.18	0.11	0.18	0.24	0.26	0.13	0.18
585	0.23	0.25	0.14	0.19	0.18	0.13	0.18	0.24	0.26	0.13	0.18
586	0.23	0.25	0.13	0.19	0.18	0.11	0.18	0.24	0.26	0.13	0.18
587	0.23	0.25	0.13	0.19	0.18	0.11	0.18	0.0	0.26	0.13	0.18
588	0.23	0.25	0.13	0.19	0.18	0.11	0.18	0.0	0.26	0.13	0.18
589	0.23	0.25	0.13	0.19	0.18	0.11	0.18	0.0	0.26	0.13	0.18
590	0.23	0.25	0.13	0.19	0.18	0.11	0.18	0.24	0.26	0.13	0.18
591	0.23	0.25	0.13	0.19	0.18	0.11	0.18	0.24	0.26	0.13	0.18
592	0.23	0.25	0.13	0.19	0.18	0.11	0.18	0.0	0.26	0.13	0.18
593	0.23	0.25	0.13	0.19	0.18	0.11	0.18	0.0	0.26	0.13	0.18
594	0.23	0.25	0.13	0.19	0.18	0.11	0.18	0.24	0.26	0.13	0.18
595	0.23	0.25	0.13	0.19	0.18	0.11	0.18	0.24	0.26	0.13	0.18
596	0.23	0.25	0.13	0.19	0.18	0.11	0.18	0.0	0.26	0.13	0.18
597	0.23	0.25	0.13	0.19	0.18	0.11	0.18	0.0	0.26	0.13	0.18
598	0.23	0.25	0.13	0.19	0.18	0.11	0.18	0.24	0.26	0.13	0.18
600	0.23	0.25	0.13	0.19	0.18	0.11	0.18	0.0	0.26	0.13	0.18
601	0.06	0.25	0.13	0.19	0.18	0.11	0.18	0.01	0.26	0.13	0.18
602	0.06	0.25	0.13	0.19	0.18	0.11	0.18	0.01	0.26	0.13	0.18
603	0.06	0.25	0.13	0.19	0.18	0.11	0.18	0.0	0.26	0.13	0.18
604	0.06	0.25	0.13	0.19	0.18	0.11	0.18	0.01	0.26	0.13	0.18
606	0.26	0.26	0.15	0.21	0.2	0.13	0.2	0.25	0.28	0.14	0.2
607	0.1	0.26	0.15	0.21	0.2	0.13	0.2	0.01	0.28	0.14	0.2
608	0.1	0.26	0.15	0.21	0.2	0.13	0.2	0.01	0.28	0.14	0.2
609	0.23	0.25	0.13	0.19	0.18	0.11	0.18	0.24	0.26	0.13	0.18
610	0.23	0.25	0.13	0.19	0.18	0.11	0.18	0.24	0.26	0.13	0.18
611	0.23	0.26	0.14	0.19	0.18	0.12	0.19	0.24	0.28	0.16	0.21
612	0.42	0.26	0.13	0.19	0.2	0.12	0.18	0.25	0.26	0.13	0.18
613	0.23	0.25	0.14	0.19	0.18	0.11	0.18	0.24	0.26	0.13	0.18
614	0.23	0.25	0.14	0.19	0.18	0.11	0.18	0.0	0.26	0.13	0.18
615	0.23	0.25	0.13	0.19	0.18	0.11	0.18	0.24	0.26	0.13	0.18
616	0.29	0.25	0.13	0.19	0.18	0.11	0.18	0.24	0.26	0.13	0.18
617	0.29	0.25	0.13	0.19	0.18	0.11	0.18	0.0	0.26	0.13	0.18
618	0.29	0.25	0.13	0.19	0.18	0.11	0.18	0.0	0.26	0.13	0.18
619	0.29	0.25	0.13	0.19	0.18	0.11	0.18	0.0	0.26	0.13	0.18
620	0.1	0.25	0.13	0.19	0.18	0.11	0.18	0.01	0.26	0.13	0.18
621	0.23	0.25	0.13	0.19	0.18	0.11	0.18	0.24	0.26	0.13	0.18
622	0.32	0.25	0.13	0.19	0.18	0.11	0.18	0.24	0.26	0.13	0.18
623	0.26	0.33	0.22	0.21	0.2	0.14	0.26	0.29	0.32	0.26	0.36
624	0.06	0.33	0.22	0.21	0.2	0.14	0.26	0.01	0.32	0.26	0.36
625	0.06	0.33	0.22	0.21	0.2	0.14	0.26	0.0	0.32	0.26	0.36
626	0.06	0.33	0.22	0.21	0.2	0.14	0.26	0.01	0.32	0.26	0.36
627	0.06	0.33	0.22	0.21	0.2	0.14	0.26	0.01	0.32	0.26	0.36
628	0.06	0.33	0.22	0.21	0.2	0.14	0.26	0.01	0.32	0.26	0.36
629	0.06	0.33	0.22	0.21	0.2	0.14	0.26	0.01	0.32	0.26	0.36
630	0.06	0.33	0.22	0.21	0.2	0.14	0.26	0.01	0.32	0.26	0.36
631	0.06	0.33	0.22	0.21	0.2	0.14	0.26	0.01	0.32	0.26	0.36
632	0.23	0.26	0.13	0.19	0.18	0.11	0.18	0.24	0.26	0.13	0.18
633	0.23	0.25	0.13	0.19	0.18	0.11	0.18	0.24	0.26	0.13	0.18
634	0.23	0.25	0.13	0.19	0.18	0.11	0.18	0.0	0.26	0.13	0.18
635	0.23	0.25	0.13	0.19	0.18	0.11	0.18	0.0	0.26	0.13	0.18
636	0.23	0.25	0.13	0.19	0.18	0.11	0.18	0.0	0.26	0.13	0.18
637	0.23	0.25	0.13	0.19	0.18	0.11	0.18	0.0	0.26	0.13	0.18
638	0.23	0.25	0.13	0.19	0.18	0.11	0.18	0.0	0.26	0.13	0.18
639	0.06	0.25	0.13	0.19	0.18	0.11	0.18	0.01	0.26	0.13	0.18
640	0.06	0.25	0.13	0.19	0.18	0.11	0.18	0.0	0.26	0.13	0.18
641	0.06	0.25	0.13	0.19	0.18	0.11	0.18	0.0	0.26	0.13	0.18
642	0.23	0.25	0.13	0.19	0.18	0.11	0.18	0.24	0.26	0.13	0.18
643	0.23	0.25	0.13	0.19	0.18	0.11	0.18	0.0	0.26	0.13	0.18
644	0.23	0.25	0.13	0.19	0.18	0.11	0.18	0.0	0.26	0.13	0.18
645	0.06	0.25	0.13	0.19	0.18	0.11	0.18	0.01	0.26	0.13	0.18
646	0.06	0.25	0.13	0.19	0.18	0.11	0.18	0.0	0.26	0.13	0.18
647	0.23	0.25	0.13	0.19	0.18	0.11	0.18	0.24	0.26	0.13	0.18
648	0.23	0.25	0.13	0.19	0.18	0.11	0.18	0.0	0.26	0.13	0.18
649	0.29	0.25	0.13	0.19	0.18	0.11	0.18	0.24	0.26	0.13	0.18
650	0.23	0.25	0.13	0.19	0.18	0.11	0.18	0.24	0.26	0.13	0.18
651	0.1	0.25	0.13	0.19	0.18	0.11	0.18	0.01	0.26	0.13	0.18
652	0.1	0.25	0.13	0.19	0.18	0.11	0.18	0.0	0.26	0.13	0.18
653	0.1	0.25	0.13	0.19	0.18	0.11	0.18	0.0	0.26	0.13	0.18
654	0.1	0.25	0.13	0.19	0.18	0.11	0.18	0.0	0.26	0.13	0.18
655	0.1	0.25	0.13	0.19	0.18	0.11	0.18	0.0	0.26	0.13	0.18
656	0.06	0.25	0.13	0.19	0.18	0.11	0.18	0.01	0.26	0.13	0.18
657	0.23	0.25	0.13	0.19	0.18	0.11	0.18	0.24	0.26	0.13	0.18
658	0.29	0.25	0.13	0.19	0.18	0.11	0.18	0.24	0.26	0.13	0.18
659	0.29	0.25	0.13	0.19	0.18	0.11	0.18	0.0	0.26	0.13	0.18
660	0.23	0.25	0.13	0.19	0.18	0.11	0.18	0.24	0.26	0.13	0.18
661	0.23	0.25	0.13	0.19	0.18	0.11	0.18	0.24	0.26	0.13	0.18
662	0.1	0.25	0.13	0.19	0.18	0.11	0.18	0.01	0.26	0.13	0.18
663	0.1	0.25	0.13	0.19	0.18	0.11	0.18	0.0	0.26	0.13	0.18
664	0.06	0.25	0.13	0.19	0.18	0.11	0.18	0.01	0.26	0.13	0.18
665	0.06	0.25	0.13	0.19	0.18	0.11	0.18	0.0	0.26	0.13	0.18
667	0.06	0.25	0.13	0.19	0.18	0.11	0.18	0.0	0.26	0.13	0.18
668	0.1	0.25	0.13	0.19	0.18	0.11	0.18	0.01	0.26	0.13	0.18
669	0.1	0.25	0.13	0.19	0.18	0.11	0.18	0.01	0.26	0.13	0.18
670	0.23	0.25	0.13	0.19	0.18	0.11	0.18	0.24	0.26	0.13	0.18
671	0.23	0.25	0.13	0.19	0.18	0.11	0.18	0.23	0.26	0.13	0.18
672	0.23	0.25	0.13	0.19	0.18	0.11	0.18	0.24	0.26	0.13	0.18
673	0.32	0.25	0.13	0.19	0.18	0.11	0.18	0.24	0.26	0.13	0.18
674	0.23	0.25	0.13	0.19	0.18	0.11	0.18	0.24	0.26	0.13	0.18
675	0.23	0.25	0.13	0.19	0.18	0.11	0.18	0.24	0.26	0.13	0.18
676	0.06	0.25	0.13	0.19	0.18	0.11	0.18	0.01	0.26	0.13	0.18
677	0.06	0.25	0.13	0.19	0.18	0.11	0.18	0.0	0.26	0.13	0.18
678	0.1	0.25	0.13	0.19	0.18	0.11	0.18	0.01	0.26	0.13	0.18
679	0.1	0.25	0.13	0.19	0.18	0.11	0.18	0.0	0.26	0.13	0.18
680	0.1	0.25	0.13	0.19	0.18	0.11	0.18	0.01	0.26	0.13	0.18
682	0.06	0.25	0.13	0.19	0.18	0.11	0.18	0.01	0.26	0.13	0.18
683	0.1	0.25	0.13	0.19	0.18	0.11	0.18	0.01	0.26	0.13	0.18
684	0.1	0.25	0.13	0.19	0.18	0.11	0.18	0.0	0.26	0.13	0.18
685	0.23	0.25	0.13	0.19	0.18	0.11	0.18	0.24	0.26	0.13	0.18
686	0.06	0.25	0.13	0.19	0.18	0.11	0.18	0.01	0.26	0.13	0.18
687	0.06	0.25	0.13	0.19	0.18	0.11	0.18	0.0	0.26	0.13	0.18
688	0.1	0.25	0.13	0.19	0.18	0.11	0.18	0.01	0.26	0.13	0.18
690	0.1	0.25	0.13	0.19	0.18	0.11	0.18	0.01	0.26	0.13	0.18
691	0.1	0.25	0.13	0.19	0.18	0.11	0.18	0.0	0.26	0.13	0.18
693	0.06	0.25	0.13	0.19	0.18	0.11	0.18	0.01	0.26	0.13	0.18
694	0.1	0.25	0.13	0.19	0.18	0.11	0.18	0.01	0.26	0.13	0.18
695	0.1	0.25	0.13	0.19	0.18	0.11	0.18	0.0	0.26	0.13	0.18
696	0.23	0.25	0.13	0.19	0.18	0.11	0.18	0.24	0.26	0.13	0.18
697	0.29	0.25	0.13	0.19	0.18	0.11	0.18	0.24	0.26	0.13	0.18
698	0.23	0.25	0.13	0.19	0.18	0.11	0.18	0.24	0.26	0.13	0.18
699	0.23	0.25	0.13	0.19	0.18	0.11	0.18	0.23	0.26	0.13	0.18
700	0.23	0.25	0.13	0.19	0.18	0.11	0.18	0.0	0.26	0.13	0.18
701	0.23	0.25	0.13	0.19	0.18	0.11	0.18	0.24	0.26	0.13	0.18
702	0.23	0.25	0.13	0.19	0.18	0.11	0.18	0.23	0.26	0.13	0.18
703	0.23	0.25	0.13	0.19	0.18	0.11	0.18	0.24	0.26	0.13	0.18
704	0.29	0.25	0.17	0.21	0.27	0.12	0.2	0.28	0.28	0.16	0.18
705	0.23	0.25	0.13	0.19	0.18	0.11	0.18	0.24	0.26	0.13	0.18
706	0.23	0.25	0.13	0.19	0.18	0.12	0.18	0.24	0.29	0.14	0.18
707	0.29	0.25	0.13	0.19	0.18	0.11	0.18	0.24	0.26	0.13	0.18
708	0.23	0.25	0.13	0.19	0.18	0.11	0.18	0.24	0.26	0.13	0.18
709	0.29	0.25	0.13	0.19	0.18	0.11	0.18	0.24	0.26	0.13	0.18
710	0.23	0.25	0.13	0.19	0.18	0.11	0.18	0.24	0.26	0.13	0.18
711	0.29	0.25	0.13	0.19	0.18	0.11	0.18	0.24	0.26	0.13	0.18
712	0.23	0.25	0.13	0.19	0.18	0.11	0.18	0.24	0.26	0.13	0.18
713	0.23	0.25	0.13	0.19	0.18	0.11	0.18	0.0	0.26	0.13	0.18
714	0.23	0.25	0.13	0.19	0.18	0.11	0.18	0.24	0.26	0.13	0.18
715	0.23	0.25	0.13	0.19	0.18	0.11	0.18	0.24	0.26	0.13	0.18
716	0.23	0.25	0.13	0.19	0.18	0.11	0.18	0.0	0.26	0.13	0.18
717	0.23	0.25	0.13	0.19	0.18	0.11	0.18	0.24	0.26	0.13	0.18
718	0.23	0.25	0.13	0.19	0.18	0.11	0.18	0.24	0.26	0.13	0.18
719	0.23	0.25	0.13	0.19	0.18	0.11	0.18	0.0	0.26	0.13	0.18
720	0.1	0.25	0.13	0.19	0.18	0.11	0.18	0.01	0.26	0.13	0.18
721	0.1	0.25	0.13	0.19	0.18	0.11	0.18	0.01	0.26	0.13	0.18
722	0.1	0.25	0.13	0.19	0.18	0.11	0.18	0.01	0.26	0.13	0.18
723	0.32	0.25	0.13	0.19	0.18	0.11	0.18	0.24	0.26	0.13	0.18
724	0.1	0.25	0.13	0.19	0.18	0.11	0.18	0.01	0.26	0.13	0.18
725	0.1	0.25	0.13	0.19	0.18	0.11	0.18	0.01	0.26	0.13	0.18
726	0.1	0.25	0.13	0.19	0.18	0.11	0.18	0.01	0.26	0.13	0.18
727	0.1	0.25	0.13	0.19	0.18	0.11	0.18	0.01	0.26	0.13	0.18
728	0.1	0.25	0.13	0.19	0.18	0.11	0.18	0.01	0.26	0.13	0.18
729	0.1	0.25	0.13	0.19	0.18	0.11	0.18	0.01	0.26	0.13	0.18
730	0.1	0.25	0.13	0.19	0.18	0.11	0.18	0.01	0.26	0.13	0.18
731	0.1	0.25	0.13	0.19	0.18	0.11	0.18	0.01	0.26	0.13	0.18
732	0.1	0.25	0.13	0.19	0.18	0.11	0.18	0.01	0.26	0.13	0.18
733	0.1	0.25	0.13	0.19	0.18	0.11	0.18	0.01	0.26	0.13	0.18
734	0.1	0.25	0.13	0.19	0.18	0.11	0.18	0.01	0.26	0.13	0.18
735	0.1	0.25	0.13	0.19	0.18	0.11	0.18	0.01	0.26	0.13	0.18
736	0.1	0.25	0.13	0.19	0.18	0.11	0.18	0.01	0.26	0.13	0.18
737	0.1	0.25	0.13	0.19	0.18	0.11	0.18	0.01	0.26	0.13	0.18
738	0.1	0.25	0.13	0.19	0.18	0.11	0.18	0.01	0.26	0.13	0.18
739	0.1	0.25	0.13	0.19	0.18	0.11	0.18	0.01	0.26	0.13	0.18
740	0.32	0.25	0.13	0.19	0.18	0.11	0.18	0.24	0.26	0.13	0.18
741	0.23	0.25	0.13	0.19	0.18	0.11	0.18	0.23	0.26	0.13	0.18
742	0.32	0.25	0.13	0.19	0.18	0.11	0.18	0.24	0.26	0.13	0.18
743	0.1	0.25	0.13	0.19	0.18	0.11	0.18	0.01	0.26	0.13	0.18
744	0.1	0.25	0.13	0.19	0.18	0.11	0.18	0.01	0.26	0.13	0.18
745	0.1	0.25	0.13	0.19	0.18	0.11	0.18	0.01	0.26	0.13	0.18
746	0.1	0.25	0.13	0.19	0.18	0.11	0.18	0.01	0.26	0.13	0.18
747	0.32	0.25	0.13	0.19	0.18	0.11	0.18	0.24	0.26	0.13	0.18
748	0.03	0.25	0.13	0.19	0.18	0.11	0.18	0.0	0.26	0.13	0.18
749	0.32	0.25	0.13	0.19	0.18	0.11	0.18	0.24	0.26	0.13	0.18
750	0.32	0.25	0.13	0.19	0.18	0.11	0.18	0.24	0.26	0.13	0.18
751	0.1	0.25	0.13	0.19	0.18	0.11	0.18	0.01	0.26	0.13	0.18
752	0.1	0.25	0.13	0.19	0.18	0.11	0.18	0.01	0.26	0.13	0.18
753	0.1	0.25	0.13	0.19	0.18	0.11	0.18	0.01	0.26	0.13	0.18
754	0.32	0.25	0.13	0.19	0.18	0.11	0.18	0.24	0.26	0.13	0.18
755	0.1	0.25	0.13	0.19	0.18	0.11	0.18	0.01	0.26	0.13	0.18
756	0.1	0.25	0.13	0.19	0.18	0.11	0.18	0.01	0.26	0.13	0.18
757	0.1	0.25	0.13	0.19	0.18	0.11	0.18	0.0	0.26	0.13	0.18
758	0.23	0.25	0.13	0.19	0.18	0.11	0.18	0.24	0.26	0.13	0.18
759	0.23	0.25	0.13	0.19	0.18	0.11	0.18	0.01	0.26	0.13	0.18
762	0.1	0.25	0.13	0.19	0.18	0.11	0.18	0.01	0.26	0.13	0.18
763	0.1	0.25	0.13	0.19	0.18	0.11	0.18	0.01	0.26	0.13	0.18
764	0.1	0.25	0.13	0.19	0.18	0.11	0.18	0.01	0.26	0.13	0.18
765	0.03	0.25	0.13	0.19	0.18	0.11	0.18	0.0	0.26	0.13	0.18
766	0.1	0.25	0.13	0.19	0.18	0.11	0.18	0.01	0.26	0.13	0.18
767	0.1	0.25	0.13	0.19	0.18	0.11	0.18	0.01	0.26	0.13	0.18
768	0.06	0.25	0.13	0.19	0.18	0.11	0.18	0.01	0.26	0.13	0.18
769	0.1	0.25	0.13	0.19	0.18	0.11	0.18	0.01	0.26	0.13	0.18
770	0.1	0.25	0.13	0.19	0.18	0.11	0.18	0.01	0.26	0.13	0.18
771	0.1	0.25	0.13	0.19	0.18	0.11	0.18	0.01	0.26	0.13	0.18
772	0.1	0.25	0.13	0.19	0.18	0.11	0.18	0.01	0.26	0.13	0.18
773	0.03	0.25	0.13	0.19	0.18	0.11	0.18	0.0	0.26	0.13	0.18
774	0.03	0.25	0.13	0.19	0.18	0.11	0.18	0.01	0.26	0.13	0.18
775	0.1	0.25	0.13	0.19	0.18	0.11	0.18	0.01	0.26	0.13	0.18
776	0.1	0.25	0.13	0.19	0.18	0.11	0.18	0.01	0.26	0.13	0.18
777	0.1	0.25	0.13	0.19	0.18	0.11	0.18	0.01	0.26	0.13	0.18
778	0.1	0.25	0.13	0.19	0.18	0.11	0.18	0.01	0.26	0.13	0.18
780	0.1	0.25	0.13	0.19	0.18	0.11	0.18	0.01	0.26	0.13	0.18
781	0.1	0.25	0.13	0.19	0.18	0.11	0.18	0.01	0.26	0.13	0.18
782	0.1	0.25	0.13	0.19	0.18	0.11	0.18	0.01	0.26	0.13	0.18
783	0.1	0.25	0.13	0.19	0.18	0.11	0.18	0.01	0.26	0.13	0.18
784	0.1	0.25	0.13	0.19	0.18	0.11	0.18	0.01	0.26	0.13	0.18
785	0.1	0.25	0.13	0.19	0.18	0.11	0.18	0.01	0.26	0.13	0.18
786	0.1	0.25	0.13	0.19	0.18	0.11	0.18	0.01	0.26	0.13	0.18
787	0.1	0.25	0.13	0.19	0.18	0.11	0.18	0.01	0.26	0.13	0.18
788	0.1	0.25	0.13	0.19	0.18	0.11	0.18	0.01	0.26	0.13	0.18
789	0.1	0.25	0.13	0.19	0.18	0.11	0.18	0.01	0.26	0.13	0.18
790	0.1	0.25	0.13	0.19	0.18	0.11	0.18	0.01	0.26	0.13	0.18
791	0.1	0.25	0.13	0.19	0.18	0.11	0.18	0.01	0.26	0.13	0.18
792	0.03	0.25	0.13	0.19	0.18	0.11	0.18	0.01	0.26	0.13	0.18
793	0.1	0.25	0.13	0.19	0.18	0.11	0.18	0.01	0.26	0.13	0.18
794	0.1	0.25	0.13	0.19	0.18	0.11	0.18	0.01	0.26	0.13	0.18
795	0.1	0.25	0.13	0.19	0.18	0.11	0.18	0.01	0.26	0.13	0.18
796	0.1	0.25	0.13	0.19	0.18	0.11	0.18	0.01	0.26	0.13	0.18
799	0.03	0.25	0.13	0.19	0.18	0.11	0.18	0.0	0.26	0.13	0.18
800	0.1	0.25	0.13	0.19	0.18	0.11	0.18	0.01	0.26	0.13	0.18
803	0.1	0.25	0.13	0.19	0.18	0.11	0.18	0.01	0.26	0.13	0.18
805	0.1	0.25	0.13	0.19	0.18	0.11	0.18	0.01	0.26	0.13	0.18
806	0.1	0.25	0.13	0.19	0.18	0.11	0.18	0.01	0.26	0.13	0.18
807	0.1	0.25	0.13	0.19	0.18	0.11	0.18	0.01	0.26	0.13	0.18
810	0.1	0.25	0.13	0.19	0.18	0.11	0.18	0.01	0.26	0.13	0.18
814	0.1	0.25	0.13	0.19	0.18	0.11	0.18	0.01	0.26	0.13	0.18
815	0.1	0.03	0.13	0.19	0.18	0.11	0.18	0.02	0.26	0.13	0.18
817	0.1	0.03	0.13	0.19	0.18	0.11	0.18	0.03	0.26	0.13	0.18
818	0.1	0.03	0.13	0.19	0.18	0.11	0.18	0.04	0.26	0.13	0.18
820	0.1	0.03	0.13	0.19	0.18	0.11	0.18	0.01	0.26	0.13	0.18
821	0.1	0.03	0.13	0.19	0.18	0.11	0.18	0.01	0.26	0.13	0.18
822	0.1	0.03	0.13	0.19	0.18	0.11	0.18	0.02	0.26	0.13	0.18
823	0.1	0.03	0.13	0.19	0.18	0.11	0.18	0.02	0.26	0.13	0.18
824	0.06	0.03	0.13	0.19	0.18	0.11	0.18	0.01	0.26	0.13	0.18
825	0.06	0.03	0.13	0.19	0.18	0.11	0.18	0.0	0.26	0.13	0.18
826	0.06	0.03	0.13	0.19	0.18	0.11	0.18	0.01	0.26	0.13	0.18
827	0.06	0.03	0.13	0.19	0.18	0.11	0.18	0.01	0.26	0.13	0.18
828	0.06	0.03	0.13	0.19	0.18	0.11	0.18	0.01	0.26	0.13	0.18
829	0.06	0.03	0.13	0.19	0.18	0.11	0.18	0.0	0.26	0.13	0.18
830	0.06	0.03	0.13	0.19	0.18	0.11	0.18	0.0	0.26	0.13	0.18
831	0.06	0.03	0.13	0.19	0.18	0.11	0.18	0.01	0.26	0.13	0.18
832	0.06	0.03	0.13	0.19	0.18	0.11	0.18	0.01	0.26	0.13	0.18
833	0.06	0.03	0.13	0.19	0.18	0.11	0.18	0.01	0.26	0.13	0.18
834	0.06	0.03	0.13	0.19	0.18	0.11	0.18	0.01	0.26	0.13	0.18
835	0.06	0.03	0.13	0.19	0.18	0.11	0.18	0.01	0.26	0.13	0.18
836	0.06	0.03	0.13	0.19	0.18	0.11	0.18	0.01	0.26	0.13	0.18
837	0.06	0.03	0.13	0.19	0.18	0.11	0.18	0.01	0.26	0.13	0.18
839	0.06	0.03	0.13	0.19	0.18	0.11	0.18	0.01	0.26	0.13	0.18
840	0.06	0.03	0.13	0.19	0.18	0.11	0.18	0.01	0.26	0.13	0.18
841	0.06	0.03	0.13	0.19	0.18	0.11	0.18	0.01	0.26	0.13	0.18
842	0.06	0.03	0.13	0.19	0.18	0.11	0.18	0.01	0.26	0.13	0.18
843	0.06	0.03	0.13	0.19	0.18	0.11	0.18	0.0	0.26	0.13	0.18
845	0.06	0.03	0.13	0.19	0.18	0.11	0.18	0.01	0.26	0.13	0.18
846	0.06	0.03	0.13	0.19	0.18	0.11	0.18	0.01	0.26	0.13	0.18
847	0.06	0.03	0.13	0.19	0.18	0.11	0.18	0.01	0.26	0.13	0.18
848	0.06	0.03	0.13	0.19	0.18	0.11	0.18	0.0	0.26	0.13	0.18
849	0.06	0.03	0.13	0.19	0.18	0.11	0.18	0.01	0.26	0.13	0.18
850	0.1	0.03	0.13	0.19	0.18	0.11	0.18	0.01	0.26	0.13	0.18
851	0.1	0.03	0.13	0.19	0.18	0.11	0.18	0.0	0.26	0.13	0.18
852	0.1	0.03	0.13	0.19	0.18	0.11	0.18	0.0	0.26	0.13	0.18
853	0.06	0.03	0.13	0.19	0.18	0.11	0.18	0.01	0.26	0.13	0.18
854	0.06	0.03	0.13	0.19	0.18	0.11	0.18	0.01	0.26	0.13	0.18
855	0.06	0.03	0.13	0.19	0.18	0.11	0.18	0.01	0.26	0.13	0.18
856	0.06	0.03	0.13	0.19	0.18	0.11	0.18	0.01	0.26	0.13	0.18
857	0.06	0.03	0.13	0.19	0.18	0.11	0.18	0.01	0.26	0.13	0.18
858	0.06	0.03	0.13	0.19	0.18	0.11	0.18	0.0	0.26	0.13	0.18
859	0.06	0.03	0.13	0.19	0.18	0.11	0.18	0.01	0.26	0.13	0.18
860	0.06	0.03	0.13	0.19	0.18	0.11	0.18	0.01	0.26	0.13	0.18
861	0.1	0.03	0.13	0.19	0.18	0.11	0.18	0.02	0.26	0.13	0.18
862	0.06	0.03	0.13	0.19	0.18	0.11	0.18	0.01	0.26	0.13	0.18
863	0.06	0.03	0.13	0.19	0.18	0.11	0.18	0.0	0.26	0.13	0.18
864	0.06	0.03	0.13	0.19	0.18	0.11	0.18	0.0	0.26	0.13	0.18
865	0.06	0.03	0.13	0.19	0.18	0.11	0.18	0.0	0.26	0.13	0.18
867	0.06	0.03	0.13	0.19	0.18	0.11	0.18	0.0	0.26	0.13	0.18
868	0.06	0.03	0.13	0.19	0.18	0.11	0.18	0.0	0.26	0.13	0.18
869	0.1	0.03	0.13	0.19	0.18	0.11	0.18	0.01	0.26	0.13	0.18
870	0.1	0.03	0.13	0.19	0.18	0.11	0.18	0.0	0.26	0.13	0.18
871	0.1	0.03	0.13	0.19	0.18	0.11	0.18	0.0	0.26	0.13	0.18
872	0.06	0.03	0.13	0.19	0.18	0.11	0.18	0.01	0.26	0.13	0.18
873	0.06	0.03	0.13	0.19	0.18	0.11	0.18	0.0	0.26	0.13	0.18
874	0.06	0.03	0.13	0.19	0.18	0.11	0.18	0.0	0.26	0.13	0.18
875	0.06	0.03	0.13	0.19	0.18	0.11	0.18	0.0	0.26	0.13	0.18
876	0.06	0.03	0.13	0.19	0.18	0.11	0.18	0.0	0.26	0.13	0.18
878	0.06	0.03	0.13	0.19	0.18	0.11	0.18	0.01	0.26	0.13	0.18
879	0.06	0.03	0.13	0.19	0.18	0.11	0.18	0.01	0.26	0.13	0.18
880	0.1	0.03	0.13	0.19	0.18	0.11	0.18	0.01	0.26	0.13	0.18
881	0.06	0.03	0.13	0.19	0.18	0.11	0.18	0.01	0.26	0.13	0.18
882	0.06	0.03	0.13	0.19	0.18	0.11	0.18	0.0	0.26	0.13	0.18
883	0.06	0.03	0.13	0.19	0.18	0.11	0.18	0.01	0.26	0.13	0.18
884	0.23	0.25	0.13	0.19	0.18	0.11	0.18	0.24	0.26	0.13	0.18
885	0.06	0.25	0.13	0.19	0.18	0.11	0.18	0.01	0.26	0.13	0.18
886	0.1	0.25	0.13	0.19	0.18	0.11	0.18	0.01	0.26	0.13	0.18
887	0.1	0.25	0.13	0.19	0.18	0.11	0.18	0.0	0.26	0.13	0.18
889	0.1	0.25	0.13	0.19	0.18	0.11	0.18	0.0	0.26	0.13	0.18
890	0.1	0.25	0.13	0.19	0.18	0.11	0.18	0.01	0.26	0.13	0.18
891	0.06	0.25	0.13	0.19	0.18	0.11	0.18	0.01	0.26	0.13	0.18
893	0.06	0.25	0.13	0.19	0.18	0.11	0.18	0.01	0.26	0.13	0.18
894	0.29	0.25	0.13	0.19	0.18	0.11	0.18	0.24	0.26	0.13	0.18
895	0.23	0.25	0.13	0.19	0.18	0.11	0.18	0.24	0.26	0.13	0.18
896	0.23	0.25	0.13	0.19	0.18	0.11	0.18	0.24	0.26	0.13	0.18
897	0.23	0.25	0.13	0.19	0.18	0.11	0.18	0.24	0.26	0.13	0.18
898	0.23	0.25	0.13	0.19	0.18	0.11	0.18	0.24	0.26	0.13	0.18
899	0.23	0.25	0.13	0.19	0.18	0.11	0.18	0.24	0.27	0.13	0.18
900	0.23	0.25	0.13	0.19	0.18	0.11	0.18	0.0	0.27	0.13	0.18
901	0.06	0.25	0.13	0.19	0.18	0.11	0.18	0.01	0.27	0.13	0.18
902	0.06	0.25	0.13	0.19	0.18	0.11	0.18	0.01	0.27	0.13	0.18
904	0.06	0.25	0.13	0.19	0.18	0.11	0.18	0.01	0.27	0.13	0.18
905	0.06	0.25	0.13	0.19	0.18	0.11	0.18	0.01	0.27	0.13	0.18
906	0.06	0.25	0.13	0.19	0.18	0.11	0.18	0.01	0.27	0.13	0.18
907	0.06	0.25	0.13	0.19	0.18	0.11	0.18	0.01	0.27	0.13	0.18
908	0.06	0.25	0.13	0.19	0.18	0.11	0.18	0.0	0.27	0.13	0.18
909	0.23	0.25	0.13	0.19	0.18	0.11	0.18	0.24	0.26	0.13	0.18
911	0.23	0.25	0.13	0.19	0.18	0.11	0.18	0.0	0.26	0.13	0.18
912	0.06	0.25	0.13	0.19	0.18	0.11	0.18	0.01	0.26	0.13	0.18
913	0.06	0.25	0.13	0.19	0.18	0.11	0.18	0.0	0.26	0.13	0.18
914	0.06	0.25	0.13	0.19	0.18	0.11	0.18	0.01	0.26	0.13	0.18
915	0.06	0.25	0.13	0.19	0.18	0.11	0.18	0.0	0.26	0.13	0.18
916	0.06	0.25	0.13	0.19	0.18	0.11	0.18	0.01	0.26	0.13	0.18
917	0.06	0.25	0.13	0.19	0.18	0.11	0.18	0.0	0.26	0.13	0.18
918	0.23	0.25	0.13	0.19	0.18	0.11	0.18	0.24	0.26	0.13	0.18
919	0.23	0.25	0.13	0.19	0.18	0.11	0.18	0.0	0.26	0.13	0.18
920	0.06	0.25	0.13	0.19	0.18	0.11	0.18	0.01	0.26	0.13	0.18
921	0.06	0.25	0.13	0.19	0.18	0.11	0.18	0.0	0.26	0.13	0.18
923	0.06	0.25	0.13	0.19	0.18	0.11	0.18	0.0	0.26	0.13	0.18
924	0.06	0.25	0.13	0.19	0.18	0.11	0.18	0.01	0.26	0.13	0.18
925	0.06	0.25	0.13	0.19	0.18	0.11	0.18	0.01	0.26	0.13	0.18
926	0.1	0.25	0.13	0.19	0.18	0.11	0.18	0.01	0.26	0.13	0.18
927	0.06	0.25	0.13	0.19	0.18	0.11	0.18	0.01	0.26	0.13	0.18
928	0.06	0.25	0.13	0.19	0.18	0.11	0.18	0.01	0.26	0.13	0.18
929	0.06	0.25	0.13	0.19	0.18	0.11	0.18	0.0	0.26	0.13	0.18
930	0.06	0.25	0.13	0.19	0.18	0.11	0.18	0.01	0.26	0.13	0.18
931	0.06	0.25	0.13	0.19	0.18	0.11	0.18	0.0	0.26	0.13	0.18
932	0.06	0.25	0.13	0.19	0.18	0.11	0.18	0.01	0.26	0.13	0.18
933	0.06	0.25	0.13	0.19	0.18	0.11	0.18	0.01	0.26	0.13	0.18
934	0.06	0.25	0.13	0.19	0.18	0.11	0.18	0.0	0.26	0.13	0.18
935	0.06	0.25	0.13	0.19	0.18	0.11	0.18	0.01	0.26	0.13	0.18
936	0.06	0.25	0.13	0.19	0.18	0.11	0.18	0.0	0.26	0.13	0.18
937	0.06	0.25	0.13	0.19	0.18	0.11	0.18	0.0	0.26	0.13	0.18
938	0.06	0.25	0.13	0.19	0.18	0.11	0.18	0.0	0.26	0.13	0.18
939	0.23	0.25	0.13	0.19	0.18	0.11	0.18	0.23	0.26	0.13	0.18
941	0.1	0.25	0.13	0.19	0.18	0.11	0.18	0.01	0.26	0.13	0.18
942	0.06	0.25	0.13	0.19	0.18	0.11	0.18	0.01	0.26	0.13	0.18
943	0.1	0.25	0.13	0.19	0.18	0.11	0.18	0.01	0.26	0.13	0.18
944	0.06	0.25	0.13	0.19	0.18	0.11	0.18	0.01	0.26	0.13	0.18
945	0.06	0.25	0.13	0.19	0.18	0.11	0.18	0.01	0.26	0.13	0.18
947	0.06	0.25	0.13	0.19	0.18	0.11	0.18	0.01	0.26	0.13	0.18
948	0.06	0.25	0.13	0.19	0.18	0.11	0.18	0.01	0.26	0.13	0.18
949	0.06	0.25	0.13	0.19	0.18	0.11	0.18	0.01	0.26	0.13	0.18
950	0.06	0.25	0.13	0.19	0.18	0.11	0.18	0.0	0.26	0.13	0.18
951	0.06	0.25	0.13	0.19	0.18	0.11	0.18	0.0	0.26	0.13	0.18
952	0.29	0.25	0.13	0.19	0.18	0.11	0.18	0.24	0.26	0.13	0.18
953	0.29	0.25	0.13	0.19	0.18	0.11	0.18	0.0	0.26	0.13	0.18
954	0.1	0.25	0.13	0.19	0.18	0.11	0.18	0.01	0.26	0.13	0.18
955	0.06	0.25	0.13	0.19	0.18	0.11	0.18	0.01	0.26	0.13	0.18
956	0.06	0.25	0.13	0.19	0.18	0.11	0.18	0.01	0.26	0.13	0.18
958	0.06	0.25	0.13	0.19	0.18	0.11	0.18	0.01	0.26	0.13	0.18
959	0.06	0.25	0.13	0.19	0.18	0.11	0.18	0.01	0.26	0.13	0.18
960	0.06	0.25	0.13	0.19	0.18	0.11	0.18	0.0	0.26	0.13	0.18
961	0.1	0.25	0.13	0.19	0.18	0.11	0.18	0.01	0.26	0.13	0.18
962	0.1	0.25	0.13	0.19	0.18	0.11	0.18	0.01	0.26	0.13	0.18
963	0.06	0.25	0.13	0.19	0.18	0.11	0.18	0.01	0.26	0.13	0.18
964	0.06	0.25	0.13	0.19	0.18	0.11	0.18	0.01	0.26	0.13	0.18
965	0.06	0.25	0.13	0.19	0.18	0.11	0.18	0.0	0.26	0.13	0.18
967	0.23	0.25	0.13	0.19	0.18	0.11	0.18	0.23	0.26	0.13	0.18
968	0.32	0.26	0.13	0.19	0.2	0.11	0.18	0.26	0.26	0.13	0.18
969	0.32	0.25	0.13	0.19	0.2	0.11	0.18	0.26	0.26	0.13	0.18
970	0.23	0.25	0.13	0.19	0.2	0.11	0.18	0.23	0.26	0.13	0.18
971	0.23	0.25	0.13	0.19	0.2	0.11	0.18	0.23	0.26	0.13	0.18
972	0.32	0.25	0.13	0.19	0.2	0.11	0.18	0.25	0.26	0.13	0.18
977	0.32	0.25	0.13	0.19	0.2	0.11	0.18	0.0	0.26	0.13	0.18
978	0.32	0.25	0.13	0.19	0.18	0.11	0.18	0.26	0.26	0.13	0.18
